District,Year,Season,Crop,Area_Hectare,Production_Tonnes,Yield_kg_ha,NDVI,NDWI,EVI,Rainfall_mm,Temperature_C,Soil_Moisture,NDVI_NDWI_ratio,EVI_NDVI_ratio,Vegetation_Water_Index,Vegetation_Stress_Index,Temperature_Rainfall_ratio,Climate_Index
Amritsar,2021,Kharif,Rice,184.7,617.4521,3343.0,0.5450788973183889,0.2064946175664088,1.4188149593809574,23.394538089632988,27.9111267089844,0.2940826416015625,2.6396760542346396,2.6029533822737703,0.11255585844528053,2.6029533822737703,1.1930616711493391,0.2464940821694969
Amritsar,2021,Rabi,Potato,9.5,248.102,26116.0,0.5100292594824584,0.209643695924508,1.257638182079319,7.228190544992685,17.393945312500023,0.216064453125,2.4328385226814464,2.465815752130537,0.10692441898754249,2.465815752130537,2.4064038163119044,0.08978727994877604
Amritsar,2021,Rabi,Wheat,189.0,900.0,4763.0,0.5100292594824584,0.209643695924508,1.257638182079319,7.228190544992685,17.393945312500023,0.216064453125,2.4328385226814464,2.465815752130537,0.10692441898754249,2.465815752130537,2.4064038163119044,0.08978727994877604
Amritsar,2022,Kharif,Rice,183.0,658.983,3601.0,0.5404332780812691,0.1889191655238453,1.634978631621749,12.87488080561161,27.506768798828148,0.2808303833007812,2.8606588250732865,3.0253107977112483,0.10209820391642958,3.0253107977112483,2.1364678410722933,0.13144610833918866
Amritsar,2022,Rabi,Potato,9.1,237.7102,26122.0,0.5248702698187979,0.1967256700824841,1.4172385947944584,6.854241713881493,17.766107177734398,0.2351481169462204,2.668031424667293,2.700169310949417,0.10325545553647725,2.700169310949417,2.591987256847646,0.0907211701465715
Amritsar,2022,Rabi,Wheat,189.3,842.5,4451.0,0.5248702698187979,0.1967256700824841,1.4172385947944584,6.854241713881493,17.766107177734398,0.2351481169462204,2.668031424667293,2.700169310949417,0.10325545553647725,2.700169310949417,2.591987256847646,0.0907211701465715
Barnala,2021,Kharif,Rice,115.3,602.0966,5222.0,0.6811090995827357,0.2927034887840331,1.762301482306239,20.72670124471188,27.9550720214844,0.3029518127441406,2.3269592802335266,2.587399703492243,0.19936300969041815,2.587399703492243,1.3487468020805644,0.2246172612063361
Barnala,2021,Rabi,Barley,0.3,1.0,3422.0,0.5289412284673437,0.2189792993918499,1.4424966833362542,3.83020075969398,18.3659606933594,0.1855417937040329,2.4154850706725304,2.727139813842877,0.11582717962924334,2.727139813842877,4.795038653490001,0.03869453556312605
Barnala,2021,Rabi,Potato,1.7,42.3062,24886.0,0.5289412284673437,0.2189792993918499,1.4424966833362542,3.83020075969398,18.3659606933594,0.1855417937040329,2.4154850706725304,2.727139813842877,0.11582717962924334,2.727139813842877,4.795038653490001,0.03869453556312605
Barnala,2021,Rabi,Wheat,113.7,546.2,4804.0,0.5289412284673437,0.2189792993918499,1.4424966833362542,3.83020075969398,18.3659606933594,0.1855417937040329,2.4154850706725304,2.727139813842877,0.11582717962924334,2.727139813842877,4.795038653490001,0.03869453556312605
Barnala,2022,Kharif,Rice,116.1,550.7784,4744.0,0.6836607982004689,0.3215516847292073,2.1202708629028333,12.9335168749094,27.521417236328148,0.2852859497070312,2.1261303568544805,3.10134919024728,0.2198322814446754,3.10134919024728,2.127914433677262,0.134068337143626
Barnala,2022,Rabi,Barley,0.3,0.9,2862.0,0.5010396176625058,0.151922312153542,1.189027681811598,4.5087686739861965,18.649591064453148,0.2087529450654983,3.297998895357283,2.373121086429761,0.07611909719581454,2.373121086429761,4.136293612057296,0.050468599341445076
Barnala,2022,Rabi,Potato,1.6,39.820800000000006,24888.0,0.5010396176625058,0.151922312153542,1.189027681811598,4.5087686739861965,18.649591064453148,0.2087529450654983,3.297998895357283,2.373121086429761,0.07611909719581454,2.373121086429761,4.136293612057296,0.050468599341445076
Barnala,2022,Rabi,Wheat,114.8,524.9,4572.0,0.5010396176625058,0.151922312153542,1.189027681811598,4.5087686739861965,18.649591064453148,0.2087529450654983,3.297998895357283,2.373121086429761,0.07611909719581454,2.373121086429761,4.136293612057296,0.050468599341445076
Bathinda,2021,Kharif,Rice,177.2,821.8536,4638.0,0.6172674105825718,0.2382211273649661,1.528940433631766,13.496017083525658,29.1274353027344,0.25225830078125,2.591153091291054,2.476949871999179,0.14704613843463366,2.476949871999179,2.1582245430238625,0.11688232422184114
Bathinda,2021,Rabi,Barley,0.6,2.0,4274.0,0.5378943624552539,0.2117841401234085,1.4711557399911042,2.745630918070674,19.053765869140648,0.1600596159696579,2.5398236248560355,2.7350272519606227,0.11391749502981496,2.7350272519606227,6.939667580131101,0.023064450007363912
Bathinda,2021,Rabi,Potato,5.4,147.285,27275.0,0.5378943624552539,0.2117841401234085,1.4711557399911042,2.745630918070674,19.053765869140648,0.1600596159696579,2.5398236248560355,2.7350272519606227,0.11391749502981496,2.7350272519606227,6.939667580131101,0.023064450007363912
Bathinda,2021,Rabi,Wheat,255.6,1265.5,4951.0,0.5378943624552539,0.2117841401234085,1.4711557399911042,2.745630918070674,19.053765869140648,0.1600596159696579,2.5398236248560355,2.7350272519606227,0.11391749502981496,2.7350272519606227,6.939667580131101,0.023064450007363912
Bathinda,2022,Kharif,Bajra,0.1,0.1,600.0,0.626769932774908,0.2599199561200111,1.668831622538273,11.63761131465435,28.487237548828148,0.248565673828125,2.4113959625536165,2.6625904263623967,0.16291001342419642,2.6625904263623967,2.4478595115955075,0.10154409297211286
Bathinda,2022,Kharif,Rice,180.4,828.5772000000001,4593.0,0.626769932774908,0.2599199561200111,1.668831622538273,11.63761131465435,28.487237548828148,0.248565673828125,2.4113959625536165,2.6625904263623967,0.16291001342419642,2.6625904263623967,2.4478595115955075,0.10154409297211286
Bathinda,2022,Rabi,Barley,0.6,2.0,3297.0,0.4660834932824902,0.1297691630553279,1.087729815094162,3.5102867987006903,19.407403564453148,0.1784083098173141,3.5916351952102255,2.3337660113933616,0.0604832648371723,2.3337660113933616,5.528723058080802,0.0322693518816342
Bathinda,2022,Rabi,Potato,6.1,166.40189999999998,27279.0,0.4660834932824902,0.1297691630553279,1.087729815094162,3.5102867987006903,19.407403564453148,0.1784083098173141,3.5916351952102255,2.3337660113933616,0.0604832648371723,2.3337660113933616,5.528723058080802,0.0322693518816342
Bathinda,2022,Rabi,Wheat,260.7,1148.6,4406.0,0.4660834932824902,0.1297691630553279,1.087729815094162,3.5102867987006903,19.407403564453148,0.1784083098173141,3.5916351952102255,2.3337660113933616,0.0604832648371723,2.3337660113933616,5.528723058080802,0.0322693518816342
Faridkot,2021,Kharif,Rice,116.2,476.8848,4104.0,0.6085677792922771,0.2404928439757241,1.3628744570866984,13.506537303328514,28.7480407714844,0.2515335083007812,2.5305026512710183,2.239478499291613,0.1463561959939905,2.239478499291613,2.128453809134323,0.11817663471075465
Faridkot,2021,Rabi,Barley,0.1,0.4,3873.0,0.5629975444278047,0.2451695857332063,1.4834693339681724,3.6463167052716017,18.340234375000023,0.1737798005342483,2.2963596513984363,2.6349481425818246,0.13802987473617728,2.6349481425818246,5.029797425024802,0.03455005954507032
Faridkot,2021,Rabi,Potato,0.4,9.6372,24093.0,0.5629975444278047,0.2451695857332063,1.4834693339681724,3.6463167052716017,18.340234375000023,0.1737798005342483,2.2963596513984363,2.6349481425818246,0.13802987473617728,2.6349481425818246,5.029797425024802,0.03455005954507032
Faridkot,2021,Rabi,Wheat,116.0,587.7,5066.0,0.5629975444278047,0.2451695857332063,1.4834693339681724,3.6463167052716017,18.340234375000023,0.1737798005342483,2.2963596513984363,2.6349481425818246,0.13802987473617728,2.6349481425818246,5.029797425024802,0.03455005954507032
Faridkot,2022,Kharif,Rice,115.7,503.1793,4349.0,0.675192903830894,0.303202053611053,1.799611956118305,12.206478044390678,28.099542236328148,0.2629776000976562,2.2268744416125563,2.6653300796079282,0.2047198750251373,2.6653300796079282,2.302018824278385,0.11423781479288811
Faridkot,2022,Rabi,Barley,0.1,0.3,3514.0,0.4769020223514302,0.1410399424245432,1.2228570653759585,4.174688830971718,18.840661621093773,0.1864725798368454,3.3813259857687066,2.564168336604017,0.06726223377459394,2.564168336604017,4.513069688288203,0.04131834709327833
Faridkot,2022,Rabi,Potato,0.4,9.6396,24099.0,0.4769020223514302,0.1410399424245432,1.2228570653759585,4.174688830971718,18.840661621093773,0.1864725798368454,3.3813259857687066,2.564168336604017,0.06726223377459394,2.564168336604017,4.513069688288203,0.04131834709327833
Faridkot,2022,Rabi,Wheat,115.6,529.6,4582.0,0.4769020223514302,0.1410399424245432,1.2228570653759585,4.174688830971718,18.840661621093773,0.1864725798368454,3.3813259857687066,2.564168336604017,0.06726223377459394,2.564168336604017,4.513069688288203,0.04131834709327833
Fatehgarh Sahib,2021,Kharif,Rice,87.1,414.3347,4757.0,0.569617394565633,0.2131827710051028,1.4783638643254882,19.023319706320763,27.4155212402344,0.3123359680175781,2.671967307114131,2.595362919794309,0.12143261458620863,2.595362919794309,1.4411533666821157,0.21672639098547244
Fatehgarh Sahib,2021,Rabi,Barley,0.3,1.0,3170.0,0.5237581519580249,0.2155027750017746,1.683116233470676,4.89806616678834,18.181695556640648,0.2006149291992187,2.430400963299484,3.2135370632008122,0.1128713351767555,3.2135370632008122,3.7120150968810575,0.054044750348074065
Fatehgarh Sahib,2021,Rabi,Potato,4.4,115.61,26275.0,0.5237581519580249,0.2155027750017746,1.683116233470676,4.89806616678834,18.181695556640648,0.2006149291992187,2.430400963299484,3.2135370632008122,0.1128713351767555,3.2135370632008122,3.7120150968810575,0.054044750348074065
Fatehgarh Sahib,2021,Rabi,Wheat,85.1,422.0,4959.0,0.5237581519580249,0.2155027750017746,1.683116233470676,4.89806616678834,18.181695556640648,0.2006149291992187,2.430400963299484,3.2135370632008122,0.1128713351767555,3.2135370632008122,3.7120150968810575,0.054044750348074065
Fatehgarh Sahib,2022,Kharif,Rice,87.3,411.6195,4715.0,0.5741939840331827,0.2233362365212044,1.648763070628385,14.052553102374077,27.124444580078148,0.2930946350097656,2.57098441783166,2.8714391241916997,0.12823832342708755,2.8714391241916997,1.9302147006650108,0.15184561329306354
Fatehgarh Sahib,2022,Rabi,Barley,0.2,0.6,2739.0,0.4806391924111525,0.1644483247583543,1.2878418939888443,6.260228808969259,18.343591308593773,0.217620849609375,2.9227369334252526,2.6794358727350462,0.07904031000522235,2.6794358727350462,2.9301790506941594,0.07426878898674148
Fatehgarh Sahib,2022,Rabi,Potato,4.4,115.6672,26288.0,0.4806391924111525,0.1644483247583543,1.2878418939888443,6.260228808969259,18.343591308593773,0.217620849609375,2.9227369334252526,2.6794358727350462,0.07904031000522235,2.6794358727350462,2.9301790506941594,0.07426878898674148
Fatehgarh Sahib,2022,Rabi,Wheat,85.3,290.0,3400.0,0.4806391924111525,0.1644483247583543,1.2878418939888443,6.260228808969259,18.343591308593773,0.217620849609375,2.9227369334252526,2.6794358727350462,0.07904031000522235,2.6794358727350462,2.9301790506941594,0.07426878898674148
Fazilka,2021,Kharif,Rice,116.1,380.3436,3276.0,0.5633216659733395,0.1898241643856022,1.3633395304481823,5.882000550627708,30.2123962402344,0.1826362609863281,2.967597238194751,2.4201794690295215,0.1069320645236945,2.4201794690295215,5.136415064940827,0.03555714611790862
Fazilka,2021,Rabi,Barley,0.9,3.3,3660.0,0.5454372291539826,0.2168018406313267,1.4007669181985742,2.01396900229156,18.894586181640648,0.1539637297391891,2.5158330186020104,2.5681542134028463,0.11825179522943417,2.5681542134028463,9.381766134504437,0.01641095370869866
Fazilka,2021,Rabi,Potato,0.1,2.4316,24316.0,0.5454372291539826,0.2168018406313267,1.4007669181985742,2.01396900229156,18.894586181640648,0.1539637297391891,2.5158330186020104,2.5681542134028463,0.11825179522943417,2.5681542134028463,9.381766134504437,0.01641095370869866
Fazilka,2021,Rabi,Wheat,207.4,983.9,4744.0,0.5454372291539826,0.2168018406313267,1.4007669181985742,2.01396900229156,18.894586181640648,0.1539637297391891,2.5158330186020104,2.5681542134028463,0.11825179522943417,2.5681542134028463,9.381766134504437,0.01641095370869866
Fazilka,2022,Kharif,Rice,113.1,355.3602,3142.0,0.6269528632955069,0.2244532330763861,1.5964388649125087,8.955193683505058,29.305596923828148,0.2153778076171875,2.793244965565463,2.5463459190871354,0.14072159715317403,2.5463459190871354,3.272469357955634,0.0658150723683896
Fazilka,2022,Rabi,Barley,0.8,2.5,3080.0,0.4676526362712262,0.1396634648747075,1.2156431829974834,2.919247141107917,19.653497314453148,0.1616236418485641,3.348424992110562,2.599457564679358,0.06531398753943075,2.599457564679358,6.732385565339365,0.024006890318441974
Fazilka,2022,Rabi,Potato,0.1,2.3326,23326.0,0.4676526362712262,0.1396634648747075,1.2156431829974834,2.919247141107917,19.653497314453148,0.1616236418485641,3.348424992110562,2.599457564679358,0.06531398753943075,2.599457564679358,6.732385565339365,0.024006890318441974
Fazilka,2022,Rabi,Wheat,204.1,872.9,4277.0,0.4676526362712262,0.1396634648747075,1.2156431829974834,2.919247141107917,19.653497314453148,0.1616236418485641,3.348424992110562,2.599457564679358,0.06531398753943075,2.599457564679358,6.732385565339365,0.024006890318441974
Firozpur,2021,Kharif,Rice,189.3,823.0764,4348.0,0.5922950619149726,0.2444162402914578,1.4208054981976113,11.463997885584831,29.0693298339844,0.2327995300292968,2.4233048557194135,2.3988136818226184,0.14476653217645383,2.3988136818226184,2.53570614057222,0.09180856026825021
Firozpur,2021,Rabi,Potato,1.3,33.5153,25781.0,0.5525032251569391,0.2239066599570502,1.388182149661502,4.359884653240442,18.2517028808594,0.1821873933076858,2.4675604792770356,2.5125322105896988,0.1237091517603883,2.5125322105896988,4.186281136427313,0.04352010468727609
Firozpur,2021,Rabi,Wheat,196.1,967.4,4933.0,0.5525032251569391,0.2239066599570502,1.388182149661502,4.359884653240442,18.2517028808594,0.1821873933076858,2.4675604792770356,2.5125322105896988,0.1237091517603883,2.5125322105896988,4.186281136427313,0.04352010468727609
Firozpur,2022,Kharif,Rice,187.8,837.588,4460.0,0.6692259242514639,0.2995781231600345,1.7984235224486835,11.319993063807487,28.292901611328148,0.252899169921875,2.233894508692024,2.6873189714822225,0.20048544635729298,2.6873189714822225,2.4993744653242578,0.10118498585567688
Firozpur,2022,Rabi,Potato,1.2,30.9456,25788.0,0.4880670384080867,0.1596752310040937,1.365294006933932,4.165513440966606,18.975427246093773,0.1838251799345016,3.056623343138134,2.797349338293915,0.0779322171032951,2.797349338293915,4.555363345962588,0.04035357137810436
Firozpur,2022,Rabi,Wheat,187.8,821.2,4375.0,0.4880670384080867,0.1596752310040937,1.365294006933932,4.165513440966606,18.975427246093773,0.1838251799345016,3.056623343138134,2.797349338293915,0.0779322171032951,2.797349338293915,4.555363345962588,0.04035357137810436
Gurdaspur,2021,Kharif,Rice,174.4,679.8112000000001,3898.0,0.5461310695129279,0.2369321458912233,1.5550972060408297,24.768149480223656,27.2724548339844,0.3284721374511719,2.305010438573664,2.8474798319527173,0.12939600623756684,2.8474798319527173,1.1011099095538135,0.2983100366286539
Gurdaspur,2021,Rabi,Potato,0.8,19.9112,24889.0,0.4584496272639971,0.1777398749117266,1.1824026008309136,10.038766078650951,16.873101806640648,0.2494049072265625,2.579329075660052,2.5791330835787334,0.08148477940323053,2.5791330835787334,1.6807943998739057,0.14838513695980485
Gurdaspur,2021,Rabi,Wheat,186.0,840.1,4524.0,0.4584496272639971,0.1777398749117266,1.1824026008309136,10.038766078650951,16.873101806640648,0.2494049072265625,2.579329075660052,2.5791330835787334,0.08148477940323053,2.5791330835787334,1.6807943998739057,0.14838513695980485
Gurdaspur,2022,Kharif,Rice,174.6,670.6386,3841.0,0.5403559688991185,0.2039588804408333,1.6390914176343114,18.69661547243595,26.723077392578148,0.3420982360839844,2.6493377867695793,3.033354884510068,0.11021039845618595,3.033354884510068,1.429300261963212,0.23934665457494295
Gurdaspur,2022,Rabi,Potato,0.9,22.4064,24896.0,0.5172802127810986,0.1839242847326936,1.4732406217909757,10.88759396225214,17.371575927734398,0.2551193237304687,2.8124628214968346,2.8480513760042436,0.09514039314213911,2.8480513760042436,1.5955385540609397,0.1598954303430293
Gurdaspur,2022,Rabi,Wheat,184.1,776.9,4220.0,0.5172802127810986,0.1839242847326936,1.4732406217909757,10.88759396225214,17.371575927734398,0.2551193237304687,2.8124628214968346,2.8480513760042436,0.09514039314213911,2.8480513760042436,1.5955385540609397,0.1598954303430293
Hoshiarpur,2021,Kharif,Rice,79.4,329.5894,4151.0,0.5833779506812604,0.1737188193536369,1.646180096987034,16.3534265011549,27.3696228027344,0.3041267395019531,3.358173586787315,2.821807192172156,0.10134372882929277,2.821807192172156,1.6736322996774726,0.18171658109165417
Hoshiarpur,2021,Rabi,Potato,17.7,493.5822,27886.0,0.4879812806255225,0.1209890871774532,1.2415165966116228,7.919075898826122,17.689843750000023,0.2229995727539062,4.033266900425543,2.5441889799956576,0.0590404097025666,2.5441889799956576,2.2338267717098486,0.09982849860072839
Hoshiarpur,2021,Rabi,Wheat,111.9,588.2,4145.0,0.4879812806255225,0.1209890871774532,1.2415165966116228,7.919075898826122,17.689843750000023,0.2229995727539062,4.033266900425543,2.5441889799956576,0.0590404097025666,2.5441889799956576,2.2338267717098486,0.09982849860072839
Hoshiarpur,2022,Kharif,Rice,76.7,291.22990000000004,3797.0,0.5792253605433186,0.1645283569963866,1.674485599342813,18.41793395578861,26.611260986328148,0.3341827392578125,3.52051993417791,2.8909051871833276,0.09529899690083186,2.8909051871833276,1.4448559241339034,0.23129139291734796
Hoshiarpur,2022,Rabi,Potato,16.3,454.7048,27896.0,0.532496280651964,0.1460514980465983,1.4138316166246356,8.749422617256641,17.982263183593773,0.2288894653320312,3.645948776794257,2.655101393184578,0.07777187949346118,2.655101393184578,2.0552514114619447,0.11136811003049851
Hoshiarpur,2022,Rabi,Wheat,142.3,515.3,3621.0,0.532496280651964,0.1460514980465983,1.4138316166246356,8.749422617256641,17.982263183593773,0.2288894653320312,3.645948776794257,2.655101393184578,0.07777187949346118,2.655101393184578,2.0552514114619447,0.11136811003049851
Jalandhar,2021,Kharif,Rice,175.1,796.8801,4551.0,0.5605223538989716,0.2031032068062262,1.4527391943899186,19.01946030557156,27.8149353027344,0.3109474182128906,2.7597907621111406,2.591759604741401,0.11384388756345555,2.591759604741401,1.4624460871051266,0.21262145726575318
Jalandhar,2021,Rabi,Potato,23.8,667.9232000000001,28064.0,0.4268781819571325,0.1289475171854202,1.1459092665827315,6.801805458962917,17.485101318359398,0.217132568359375,3.3104800408316715,2.6843940848159926,0.05504488170399827,2.6843940848159926,2.570655897739448,0.0844658238974397
Jalandhar,2021,Rabi,Wheat,172.0,845.0,4900.0,0.4268781819571325,0.1289475171854202,1.1459092665827315,6.801805458962917,17.485101318359398,0.217132568359375,3.3104800408316715,2.6843940848159926,0.05504488170399827,2.6843940848159926,2.570655897739448,0.0844658238974397
Jalandhar,2022,Kharif,Rice,174.7,747.1918999999999,4277.0,0.5603299999424982,0.210423019663082,1.5917743845224466,18.694588914513588,27.168389892578148,0.3316307067871094,2.662874056458597,2.8407802271622016,0.11790633059571504,2.8407802271622016,1.4532755984532992,0.22819533138797574
Jalandhar,2022,Rabi,Potato,23.6,660.9416000000001,28006.0,0.4671201443229713,0.1214185497085566,1.22625362469938,7.837397046387196,17.860833740234398,0.2344843596220016,3.847189292280374,2.6251353952561223,0.056717050463346824,2.6251353952561223,2.2789241931372746,0.10289256673307741
Jalandhar,2022,Rabi,Wheat,173.4,732.2,4223.0,0.4671201443229713,0.1214185497085566,1.22625362469938,7.837397046387196,17.860833740234398,0.2344843596220016,3.847189292280374,2.6251353952561223,0.056717050463346824,2.6251353952561223,2.2789241931372746,0.10289256673307741
Kapurthala,2021,Kharif,Rice,117.7,510.818,4340.0,0.5393197248912741,0.2155576144363081,1.3448210670222571,19.44055967032909,27.8295837402344,0.3042984008789062,2.5019748260882224,2.493550680523266,0.11625447331600902,2.493550680523266,1.4315217366251525,0.21256987797914767
Kapurthala,2021,Rabi,Potato,10.0,272.46,27246.0,0.4424380244775845,0.1464150634369394,1.1886335147953933,7.210283540189266,17.367913818359398,0.2183659821748733,3.021806732803428,2.6865537070392866,0.06477959142079968,2.6865537070392866,2.4087698800681974,0.09065456355203631
Kapurthala,2021,Rabi,Wheat,105.0,486.0,4616.0,0.4424380244775845,0.1464150634369394,1.1886335147953933,7.210283540189266,17.367913818359398,0.2183659821748733,3.021806732803428,2.6865537070392866,0.06477959142079968,2.6865537070392866,2.4087698800681974,0.09065456355203631
Kapurthala,2022,Kharif,Bajra,0.8,0.5,650.0,0.5580632249485614,0.224114215265565,1.566060975214269,17.46327616274357,27.213311767578148,0.3190841674804687,2.490084014917493,2.806242922311568,0.12506990172791732,2.806242922311568,1.5583165217094523,0.20476210258647431
Kapurthala,2022,Kharif,Rice,119.2,502.9048,4219.0,0.5580632249485614,0.224114215265565,1.566060975214269,17.46327616274357,27.213311767578148,0.3190841674804687,2.490084014917493,2.806242922311568,0.12506990172791732,2.806242922311568,1.5583165217094523,0.20476210258647431
Kapurthala,2022,Rabi,Potato,9.5,258.894,27252.0,0.4662791146553433,0.1245708274298122,1.2532901664606708,7.701878901571035,17.746575927734398,0.2338892668485641,3.7430843502910998,2.687853963579428,0.05808477512585638,2.687853963579428,2.3041878682504913,0.10150616191992627
Kapurthala,2022,Rabi,Wheat,110.0,439.3,3994.0,0.4662791146553433,0.1245708274298122,1.2532901664606708,7.701878901571035,17.746575927734398,0.2338892668485641,3.7430843502910998,2.687853963579428,0.05808477512585638,2.687853963579428,2.3041878682504913,0.10150616191992627
Ludhiana,2021,Kharif,Rice,258.6,1264.0368,4888.0,0.5632920824697494,0.2117845790918069,1.604209911784204,22.214217111468315,27.7651306152344,0.3190383911132812,2.659740784174691,2.8479184453482094,0.11929657659160325,2.8479184453482094,1.2498811223421586,0.25525498818274295
Ludhiana,2021,Rabi,Barley,1.1,3.9,3539.0,0.4645621129561429,0.1718480071634434,1.304421251093123,5.608531180769205,18.091210937500023,0.2061513215303421,2.703331395133964,2.807851124132172,0.07983407331515165,2.807851124132172,3.225659331186749,0.06390982443099383
Ludhiana,2021,Rabi,Potato,13.5,389.8395,28877.0,0.4645621129561429,0.1718480071634434,1.304421251093123,5.608531180769205,18.091210937500023,0.2061513215303421,2.703331395133964,2.807851124132172,0.07983407331515165,2.807851124132172,3.225659331186749,0.06390982443099383
Ludhiana,2021,Rabi,Wheat,249.8,1241.0,4968.0,0.4645621129561429,0.1718480071634434,1.304421251093123,5.608531180769205,18.091210937500023,0.2061513215303421,2.703331395133964,2.807851124132172,0.07983407331515165,2.807851124132172,3.225659331186749,0.06390982443099383
Ludhiana,2022,Kharif,Rice,258.7,1246.4165999999998,4818.0,0.5824151084203845,0.2389087062759057,1.7017897166734357,16.523869708180428,27.223565673828148,0.31707763671875,2.4378145003546985,2.921953246180372,0.13914404006825543,2.921953246180372,1.6475296740176213,0.19245640410562867
Ludhiana,2022,Rabi,Barley,0.9,2.9,3210.0,0.4587547724364108,0.135418743114869,1.2169453877034553,6.391426082700491,18.186364746093773,0.2263234406709671,3.387675604456555,2.6527143930086075,0.0621239946812865,2.6527143930086075,2.845431443745918,0.07953923513722745
Ludhiana,2022,Rabi,Potato,16.8,485.268,28885.0,0.4587547724364108,0.135418743114869,1.2169453877034553,6.391426082700491,18.186364746093773,0.2263234406709671,3.387675604456555,2.6527143930086075,0.0621239946812865,2.6527143930086075,2.845431443745918,0.07953923513722745
Ludhiana,2022,Rabi,Wheat,244.2,1044.0,2475.0,0.4587547724364108,0.135418743114869,1.2169453877034553,6.391426082700491,18.186364746093773,0.2263234406709671,3.387675604456555,2.6527143930086075,0.0621239946812865,2.6527143930086075,2.845431443745918,0.07953923513722745
Mansa,2021,Kharif,Bajra,0.4,0.3,640.0,0.6114024496142128,0.2443222877481295,1.7941063030059257,15.39514772593975,28.6230407714844,0.2671356201171875,2.5024423897196977,2.9344113752537044,0.14937924522455492,2.9344113752537044,1.859224820769766,0.14368118214266665
Mansa,2021,Kharif,Rice,121.4,577.6212,4758.0,0.6114024496142128,0.2443222877481295,1.7941063030059257,15.39514772593975,28.6230407714844,0.2671356201171875,2.5024423897196977,2.9344113752537044,0.14937924522455492,2.9344113752537044,1.859224820769766,0.14368118214266665
Mansa,2021,Rabi,Barley,0.3,1.1,3839.0,0.5244233761308994,0.1999018309460437,1.3715140855566048,3.025027690455317,19.017633056640648,0.1644566804170608,2.6234045663766263,2.615280225827054,0.10483319307947253,2.615280225827054,6.286763296959499,0.02615919713353895
Mansa,2021,Rabi,Potato,0.2,4.8648,24324.0,0.5244233761308994,0.1999018309460437,1.3715140855566048,3.025027690455317,19.017633056640648,0.1644566804170608,2.6234045663766263,2.615280225827054,0.10483319307947253,2.615280225827054,6.286763296959499,0.02615919713353895
Mansa,2021,Rabi,Wheat,171.6,851.0,4964.0,0.5244233761308994,0.1999018309460437,1.3715140855566048,3.025027690455317,19.017633056640648,0.1644566804170608,2.6234045663766263,2.615280225827054,0.10483319307947253,2.615280225827054,6.286763296959499,0.02615919713353895
Mansa,2022,Kharif,Rice,122.7,560.6163,4569.0,0.6478718060407195,0.2746752822840383,1.811794932985714,11.15528680384159,28.191339111328148,0.2521400451660156,2.35868258932292,2.7965330735072,0.17795437120810434,2.7965330735072,2.5271729545868586,0.09977158259325998
Mansa,2022,Rabi,Barley,0.3,1.1,3548.0,0.4621982585290412,0.1309825696682366,1.0653352892359078,3.372972598299384,19.377770996093773,0.1786575317382812,3.528700495796768,2.3049314219105175,0.06053991559831776,2.3049314219105175,5.7450128725812455,0.031097847072013608
Mansa,2022,Rabi,Potato,0.2,4.8652,24326.0,0.4621982585290412,0.1309825696682366,1.0653352892359078,3.372972598299384,19.377770996093773,0.1786575317382812,3.528700495796768,2.3049314219105175,0.06053991559831776,2.3049314219105175,5.7450128725812455,0.031097847072013608
Mansa,2022,Rabi,Wheat,172.5,768.1,4453.0,0.4621982585290412,0.1309825696682366,1.0653352892359078,3.372972598299384,19.377770996093773,0.1786575317382812,3.528700495796768,2.3049314219105175,0.06053991559831776,2.3049314219105175,5.7450128725812455,0.031097847072013608
Moga,2021,Kharif,Rice,182.9,892.0033000000001,4877.0,0.6284242703323991,0.2702620846883633,1.6293899305804322,18.458468839526176,27.9780212402344,0.2942695617675781,2.3252402239738115,2.5928182718318338,0.16983925336879777,2.5928182718318338,1.5157281724431801,0.1941440207535691
Moga,2021,Rabi,Barley,0.3,1.3,4291.0,0.5128584172283788,0.2073786302601548,1.3465205969567695,4.378470126539469,17.957421875000023,0.1936111450195312,2.4730533545573237,2.625521102361388,0.10635587608221217,2.625521102361388,4.101300535580609,0.04720725617151639
Moga,2021,Rabi,Potato,5.2,153.22320000000002,29466.0,0.5128584172283788,0.2073786302601548,1.3465205969567695,4.378470126539469,17.957421875000023,0.1936111450195312,2.4730533545573237,2.625521102361388,0.10635587608221217,2.625521102361388,4.101300535580609,0.04720725617151639
Moga,2021,Rabi,Wheat,177.0,911.0,5147.0,0.5128584172283788,0.2073786302601548,1.3465205969567695,4.378470126539469,17.957421875000023,0.1936111450195312,2.4730533545573237,2.625521102361388,0.10635587608221217,2.625521102361388,4.101300535580609,0.04720725617151639
Moga,2022,Kharif,Rice,181.7,861.0763,4739.0,0.6615496909212186,0.3130320441817102,1.8327564322377616,16.383571550250053,27.399346923828148,0.2999763488769531,2.113360926516518,2.7703987431172687,0.20708625207684764,2.7703987431172687,1.6723671538767728,0.17937230361261727
Moga,2022,Rabi,Barley,0.2,0.5,2608.0,0.4865942523708781,0.1430721908870224,1.2222579884469214,5.0078569911420345,18.433435058593773,0.2108332365751266,3.401040057848275,2.5118627737413686,0.06961810575973422,2.5118627737413686,3.680902847505247,0.057277587947755816
Moga,2022,Rabi,Potato,7.1,209.2796,29476.0,0.4865942523708781,0.1430721908870224,1.2222579884469214,5.0078569911420345,18.433435058593773,0.2108332365751266,3.401040057848275,2.5118627737413686,0.06961810575973422,2.5118627737413686,3.680902847505247,0.057277587947755816
Moga,2022,Rabi,Wheat,177.9,778.3,4375.0,0.4865942523708781,0.1430721908870224,1.2222579884469214,5.0078569911420345,18.433435058593773,0.2108332365751266,3.401040057848275,2.5118627737413686,0.06961810575973422,2.5118627737413686,3.680902847505247,0.057277587947755816
Muktsar,2021,Kharif,Rice,185.4,808.7148000000001,4362.0,0.6075037266563833,0.2370478308007581,1.3868899167722777,9.903891012072563,29.4833923339844,0.1974983215332031,2.5627896471535245,2.2829323606054706,0.14400744060727236,2.2829323606054706,2.9769504024271853,0.06634249645952367
Muktsar,2021,Rabi,Barley,0.2,0.7,3361.0,0.5751647403142415,0.2607627041131417,1.534372260620655,3.219513921067118,18.662164306640648,0.1462020874023437,2.205701702129476,2.667709184993416,0.14998151299487453,2.667709184993416,5.79657823018669,0.025222136508219778
Muktsar,2021,Rabi,Potato,0.2,5.063400000000001,25317.0,0.5751647403142415,0.2607627041131417,1.534372260620655,3.219513921067118,18.662164306640648,0.1462020874023437,2.205701702129476,2.667709184993416,0.14998151299487453,2.667709184993416,5.79657823018669,0.025222136508219778
Muktsar,2021,Rabi,Wheat,215.2,1087.0,5051.0,0.5751647403142415,0.2607627041131417,1.534372260620655,3.219513921067118,18.662164306640648,0.1462020874023437,2.205701702129476,2.667709184993416,0.14998151299487453,2.667709184993416,5.79657823018669,0.025222136508219778
Muktsar,2022,Kharif,Rice,183.4,766.2452000000001,4178.0,0.6715423595931203,0.2871240508601068,1.7670749027086383,10.906530544161797,28.623956298828148,0.222900390625,2.3388579172711332,2.6313677424299615,0.1928159626105312,2.6313677424299615,2.6244786261704816,0.08493130346054523
Muktsar,2022,Rabi,Barley,0.2,0.6,3142.0,0.4623921156275564,0.1414474703815547,1.127645037031605,3.995833918452263,19.404138183593773,0.1589126586914062,3.269002368018694,2.4387202958708984,0.0654041950798932,2.4387202958708984,4.856092264993268,0.03272439031625906
Muktsar,2022,Rabi,Potato,0.3,7.597799999999999,25326.0,0.4623921156275564,0.1414474703815547,1.127645037031605,3.995833918452263,19.404138183593773,0.1589126586914062,3.269002368018694,2.4387202958708984,0.0654041950798932,2.4387202958708984,4.856092264993268,0.03272439031625906
Muktsar,2022,Rabi,Wheat,219.3,992.7,4527.0,0.4623921156275564,0.1414474703815547,1.127645037031605,3.995833918452263,19.404138183593773,0.1589126586914062,3.269002368018694,2.4387202958708984,0.0654041950798932,2.4387202958708984,4.856092264993268,0.03272439031625906
Pathankot,2021,Kharif,Rice,28.6,105.105,3675.0,0.6045949457609523,0.1904842902314671,1.7035233817924107,23.26309308409691,27.3613220214844,0.3314857482910156,3.1739884954621633,2.817627559966335,0.11516583912080734,2.817627559966335,1.176168703042723,0.28183520564139236
Pathankot,2021,Rabi,Barley,0.1,0.4,3777.0,0.4689617430962906,0.119222733296575,1.1065583459920003,11.462683789432049,17.276422119140648,0.2588450014591217,3.9334926329000948,2.359591933205506,0.055910900823465975,2.359591933205506,1.5071882323988157,0.1717403280459192
Pathankot,2021,Rabi,Potato,0.2,5.2734000000000005,26367.0,0.4689617430962906,0.119222733296575,1.1065583459920003,11.462683789432049,17.276422119140648,0.2588450014591217,3.9334926329000948,2.359591933205506,0.055910900823465975,2.359591933205506,1.5071882323988157,0.1717403280459192
Pathankot,2021,Rabi,Wheat,42.0,182.0,4344.0,0.4689617430962906,0.119222733296575,1.1065583459920003,11.462683789432049,17.276422119140648,0.2588450014591217,3.9334926329000948,2.359591933205506,0.055910900823465975,2.359591933205506,1.5071882323988157,0.1717403280459192
Pathankot,2022,Kharif,Rice,27.6,97.29,3525.0,0.590035241862195,0.1779274523753105,1.6283089096460834,22.16159366071224,26.784600830078148,0.3539962768554687,3.3161562984536346,2.7596807684012563,0.10498346739619051,2.7596807684012563,1.2086044550830977,0.29289671684283974
Pathankot,2022,Rabi,Potato,0.2,5.275200000000001,26376.0,0.4965088499653979,0.1367571188151331,1.26889164180236,12.152016162872314,17.752770996093773,0.2566146850585937,3.6305886981764623,2.555627441264723,0.06790111978748302,2.555627441264723,1.460890996041733,0.17565628493425461
Pathankot,2022,Rabi,Wheat,39.4,143.8,3650.0,0.4965088499653979,0.1367571188151331,1.26889164180236,12.152016162872314,17.752770996093773,0.2566146850585937,3.6305886981764623,2.555627441264723,0.06790111978748302,2.555627441264723,1.460890996041733,0.17565628493425461
Patiala,2021,Kharif,Rice,234.3,1047.7896,4472.0,0.5940369691799644,0.2193192713068412,1.4399408894341916,23.18992279469967,27.5122009277344,0.3243560791015625,2.7085488914873785,2.4239920478719554,0.13028375520987429,2.4239920478719554,1.1863860510144795,0.27339842610607684
Patiala,2021,Rabi,Barley,0.3,1.2,4125.0,0.5276264320536049,0.1964665529827918,1.6221041407544392,4.277812782675028,18.337945556640648,0.1899821013212204,2.685578914288881,3.074342076535012,0.10366094636818098,3.074342076535012,4.286757389409046,0.04431837028859955
Patiala,2021,Rabi,Potato,4.8,128.1888,26706.0,0.5276264320536049,0.1964665529827918,1.6221041407544392,4.277812782675028,18.337945556640648,0.1899821013212204,2.685578914288881,3.074342076535012,0.10366094636818098,3.074342076535012,4.286757389409046,0.04431837028859955
Patiala,2021,Rabi,Wheat,233.7,1162.4,4974.0,0.5276264320536049,0.1964665529827918,1.6221041407544392,4.277812782675028,18.337945556640648,0.1899821013212204,2.685578914288881,3.074342076535012,0.10366094636818098,3.074342076535012,4.286757389409046,0.04431837028859955
Patiala,2022,Kharif,Rice,283.7,1223.5981,4313.0,0.6070503493934567,0.2370560852759472,1.7069011285938007,15.358204022049904,27.164971923828148,0.29583740234375,2.5607878772097936,2.811794985867772,0.14390497939260882,2.811794985867772,1.768759672994783,0.1672569806178652
Patiala,2022,Rabi,Barley,0.3,0.1,3235.0,0.4620539984131457,0.1540098573733699,1.2128099178913798,5.364616867154837,18.5873962402344,0.2143809050321579,3.0001586021404902,2.624822903938915,0.07116087039440384,2.624822903938915,3.4648133688794744,0.06187372369250843
Patiala,2022,Rabi,Potato,4.6,122.90279999999998,26718.0,0.4620539984131457,0.1540098573733699,1.2128099178913798,5.364616867154837,18.5873962402344,0.2143809050321579,3.0001586021404902,2.624822903938915,0.07116087039440384,2.624822903938915,3.4648133688794744,0.06187372369250843
Patiala,2022,Rabi,Wheat,233.5,906.7,3883.0,0.4620539984131457,0.1540098573733699,1.2128099178913798,5.364616867154837,18.5873962402344,0.2143809050321579,3.0001586021404902,2.624822903938915,0.07116087039440384,2.624822903938915,3.4648133688794744,0.06187372369250843
Rupnagar,2021,Kharif,Rice,40.3,179.61709999999997,4457.0,0.5721982149728123,0.1632314459573009,1.6067854525725591,16.888266429305077,27.2729431152344,0.2625961303710937,3.5054410724419576,2.808092389188779,0.09340074200419866,2.808092389188779,1.6149048352239097,0.1626078048956267
Rupnagar,2021,Rabi,Barley,0.1,0.5,4549.0,0.5059498609321629,0.164140290801111,1.4607085352487752,5.430317018181086,18.005273437500023,0.1621297150850296,3.0824233249667077,2.887061837624707,0.08304675730418688,2.887061837624707,3.3156947149157396,0.04889766067897772
Rupnagar,2021,Rabi,Potato,0.8,19.2096,24012.0,0.5059498609321629,0.164140290801111,1.4607085352487752,5.430317018181086,18.005273437500023,0.1621297150850296,3.0824233249667077,2.887061837624707,0.08304675730418688,2.887061837624707,3.3156947149157396,0.04889766067897772
Rupnagar,2021,Rabi,Wheat,68.7,310.0,4513.0,0.5059498609321629,0.164140290801111,1.4607085352487752,5.430317018181086,18.005273437500023,0.1621297150850296,3.0824233249667077,2.887061837624707,0.08304675730418688,2.887061837624707,3.3156947149157396,0.04889766067897772
Rupnagar,2022,Kharif,Rice,41.0,173.266,4226.0,0.586185372182629,0.1803559250498643,1.8377841326717967,12.811241671442986,26.913018798828148,0.2515106201171875,3.2501586627695325,3.135158637324757,0.10572200505069705,3.135158637324757,2.1007346117604553,0.1197250803167454
Rupnagar,2022,Rabi,Barley,0.1,0.3,3218.0,0.5141116943912339,0.1537051113230561,1.3929763324369326,7.571527268737554,17.955255126953148,0.1771977692842483,3.3447924403156533,2.7094819037064957,0.0790215952188896,2.7094819037064957,2.3714178777496415,0.07472228785438703
Rupnagar,2022,Rabi,Potato,0.5,12.008,24016.0,0.5141116943912339,0.1537051113230561,1.3929763324369326,7.571527268737554,17.955255126953148,0.1771977692842483,3.3447924403156533,2.7094819037064957,0.0790215952188896,2.7094819037064957,2.3714178777496415,0.07472228785438703
Rupnagar,2022,Rabi,Wheat,67.5,243.7,3610.0,0.5141116943912339,0.1537051113230561,1.3929763324369326,7.571527268737554,17.955255126953148,0.1771977692842483,3.3447924403156533,2.7094819037064957,0.0790215952188896,2.7094819037064957,2.3714178777496415,0.07472228785438703
Sahibzada Ajit Singh Nagar,2021,Kharif,Rice,27.7,101.105,3650.0,0.524019542816844,0.1328498454417346,1.3054941228263857,18.35811696946621,27.3925720214844,0.3138961791992187,3.944449773911623,2.4913080832992587,0.06961591527166615,2.4913080832992587,1.4921231881812596,0.21036880981779058
Sahibzada Ajit Singh Nagar,2021,Rabi,Barley,0.1,0.3,3542.0,0.4379356637065241,0.1106554403153529,1.1468875313635083,4.937621299177408,18.278375244140648,0.2035166472196579,3.957651449024713,2.618849357133146,0.04845996369724174,2.618849357133146,3.701858473266422,0.05497688490507856
Sahibzada Ajit Singh Nagar,2021,Rabi,Potato,1.6,42.4,26500.0,0.4379356637065241,0.1106554403153529,1.1468875313635083,4.937621299177408,18.278375244140648,0.2035166472196579,3.957651449024713,2.618849357133146,0.04845996369724174,2.618849357133146,3.701858473266422,0.05497688490507856
Sahibzada Ajit Singh Nagar,2021,Rabi,Wheat,48.5,211.8,4368.0,0.4379356637065241,0.1106554403153529,1.1468875313635083,4.937621299177408,18.278375244140648,0.2035166472196579,3.957651449024713,2.618849357133146,0.04845996369724174,2.618849357133146,3.701858473266422,0.05497688490507856
Sahibzada Ajit Singh Nagar,2022,Kharif,Rice,32.2,112.70000000000002,3500.0,0.5271541828657829,0.1346308849297464,1.5781069284302462,13.781605288386343,27.161553955078148,0.2950973510742187,3.915551644341226,2.9936344616505552,0.0709712341336377,2.9936344616505552,1.9708555996714685,0.14973057951247667
Sahibzada Ajit Singh Nagar,2022,Rabi,Barley,0.1,0.3,2703.0,0.4511142734916826,0.1078705224383928,1.156984067211188,7.059527095407248,18.340020751953148,0.2212371826171875,4.181997669931781,2.564725026889489,0.04866193236096381,2.564725026889489,2.597910667965947,0.08515965746828652
Sahibzada Ajit Singh Nagar,2022,Rabi,Potato,1.5,39.774,26516.0,0.4511142734916826,0.1078705224383928,1.156984067211188,7.059527095407248,18.340020751953148,0.2212371826171875,4.181997669931781,2.564725026889489,0.04866193236096381,2.564725026889489,2.597910667965947,0.08515965746828652
Sahibzada Ajit Singh Nagar,2022,Rabi,Wheat,50.1,185.5,2704.0,0.4511142734916826,0.1078705224383928,1.156984067211188,7.059527095407248,18.340020751953148,0.2212371826171875,4.181997669931781,2.564725026889489,0.04866193236096381,2.564725026889489,2.597910667965947,0.08515965746828652
Sangrur,2021,Kharif,Rice,290.8,1530.7712,5264.0,0.6380017903733922,0.2642293351733142,1.6334485150244789,22.075815126299855,27.7997985839844,0.3109054565429687,2.4145759211592153,2.5602569454679727,0.1685787889097456,2.5602569454679727,1.2592875246026736,0.24688996791345533
Sangrur,2021,Rabi,Barley,1.2,5.2,4359.0,0.5332087197001643,0.2152830660702981,1.4587201188143692,3.689030883833766,18.511132812500023,0.1825154572725296,2.4767796623913343,2.7357394298327335,0.11479080803246952,2.7357394298327335,5.017885020594521,0.036372985136854545
Sangrur,2021,Rabi,Potato,0.8,22.144800000000004,27681.0,0.5332087197001643,0.2152830660702981,1.4587201188143692,3.689030883833766,18.511132812500023,0.1825154572725296,2.4767796623913343,2.7357394298327335,0.11479080803246952,2.7357394298327335,5.017885020594521,0.036372985136854545
Sangrur,2021,Rabi,Wheat,291.0,1532.1,5264.0,0.5332087197001643,0.2152830660702981,1.4587201188143692,3.689030883833766,18.511132812500023,0.1825154572725296,2.4767796623913343,2.7357394298327335,0.11479080803246952,2.7357394298327335,5.017885020594521,0.036372985136854545
Sangrur,2022,Kharif,Rice,291.8,1474.1736,5052.0,0.6843165654774117,0.3023568136110437,2.0499416815889693,12.795602902770042,27.425225830078148,0.281036376953125,2.2632748285200766,2.9956043518526148,0.20690777623900336,2.9956043518526148,2.1433320523053294,0.13112124957532703
Sangrur,2022,Rabi,Barley,0.9,3.0,3316.0,0.4821438540942818,0.1655729024429111,1.1468206368108431,4.50704013928771,18.726739501953148,0.2080942839384079,2.911973197187403,2.378586032098598,0.07982995731740168,2.378586032098598,4.154997276086543,0.05008289298673263
Sangrur,2022,Rabi,Potato,0.9,24.9174,27686.0,0.4821438540942818,0.1655729024429111,1.1468206368108431,4.50704013928771,18.726739501953148,0.2080942839384079,2.911973197187403,2.378586032098598,0.07982995731740168,2.378586032098598,4.154997276086543,0.05008289298673263
Sangrur,2022,Rabi,Wheat,291.2,1215.4,4174.0,0.4821438540942818,0.1655729024429111,1.1468206368108431,4.50704013928771,18.726739501953148,0.2080942839384079,2.911973197187403,2.378586032098598,0.07982995731740168,2.378586032098598,4.154997276086543,0.05008289298673263
Shahid Bhagat Singh Nagar,2021,Kharif,Rice,61.9,270.1935,4365.0,0.5420749858903215,0.1724745823052756,1.531029966564832,17.018763348460197,27.6162048339844,0.3004608154296875,3.1429267932991003,2.824387781056192,0.09349415676957137,2.824387781056192,1.6226916297348377,0.1851619925338405
Shahid Bhagat Singh Nagar,2021,Rabi,Potato,2.7,74.9196,27748.0,0.4938285630831913,0.1712504046409204,1.378685044101438,5.894987378269434,18.095758056640648,0.2102788239717483,2.8836636276489744,2.7918292848305377,0.0845683412512408,2.7918292848305377,3.0696856321264834,0.068501745511341
Shahid Bhagat Singh Nagar,2021,Rabi,Wheat,77.7,384.0,4935.0,0.4938285630831913,0.1712504046409204,1.378685044101438,5.894987378269434,18.095758056640648,0.2102788239717483,2.8836636276489744,2.7918292848305377,0.0845683412512408,2.7918292848305377,3.0696856321264834,0.068501745511341
Shahid Bhagat Singh Nagar,2022,Kharif,Rice,60.9,274.8417,4513.0,0.5732559754371018,0.1962935898771666,1.6459278654168854,14.733826741576197,27.049737548828148,0.3048934936523437,2.920400894373701,2.8711918164688686,0.11252647333708556,2.8711918164688686,1.8358935545576003,0.16607362278463614
Shahid Bhagat Singh Nagar,2022,Rabi,Potato,2.7,74.9358,27754.0,0.5106285598467312,0.1521308689312507,1.3460162509914622,7.474107202142477,18.161950683593773,0.2242813110351562,3.3565085339615646,2.635998760812514,0.07768236651059636,2.635998760812514,2.4299826310208115,0.0922974955343355
Shahid Bhagat Singh Nagar,2022,Rabi,Wheat,77.3,298.5,3862.0,0.5106285598467312,0.1521308689312507,1.3460162509914622,7.474107202142477,18.161950683593773,0.2242813110351562,3.3565085339615646,2.635998760812514,0.07768236651059636,2.635998760812514,2.4299826310208115,0.0922974955343355
Tarn Taran,2021,Kharif,Rice,184.7,761.5181,4123.0,0.5699863642211818,0.2219066212131569,1.3094646099552567,21.637773141264915,27.9965759277344,0.2908821105957031,2.5685865572873996,2.297361291694203,0.12648374822189426,2.297361291694203,1.2938751018857275,0.22481467505771144
Tarn Taran,2021,Rabi,Potato,1.9,48.3854,25466.0,0.5607783805181924,0.245618837562023,1.493438051657339,6.918283645063639,17.458398437500023,0.2121760100126266,2.2831244789055978,2.663151975076703,0.1377377339527922,2.663151975076703,2.523515850633995,0.08407952339959371
Tarn Taran,2021,Rabi,Wheat,187.0,880.0,4704.0,0.5607783805181924,0.245618837562023,1.493438051657339,6.918283645063639,17.458398437500023,0.2121760100126266,2.2831244789055978,2.663151975076703,0.1377377339527922,2.663151975076703,2.523515850633995,0.08407952339959371
Tarn Taran,2022,Kharif,Rice,182.3,725.1894,3978.0,0.6228477706976248,0.2580946862218957,1.7296078550815948,13.180160894989967,27.516046142578148,0.28375244140625,2.4132529801955487,2.7769351299826215,0.1607536999422107,2.7769351299826215,2.0876866649660952,0.1359171594894765
Tarn Taran,2022,Rabi,Potato,1.8,44.8128,24896.0,0.5290499544058206,0.1985441634974346,1.4488964390756345,6.502033676952124,17.840325927734398,0.2301584929227829,2.664646218183374,2.7386760494155973,0.10503978064585956,2.7386760494155973,2.7438070631613805,0.08388289979019047
Tarn Taran,2022,Rabi,Wheat,185.5,795.2,4287.0,0.5290499544058206,0.1985441634974346,1.4488964390756345,6.502033676952124,17.840325927734398,0.2301584929227829,2.664646218183374,2.7386760494155973,0.10503978064585956,2.7386760494155973,2.7438070631613805,0.08388289979019047
