District,Year,Season,Crop,Actual_Yield,Predicted_Yield,Prediction_STD,Lower_95_Interval,Upper_95_Interval,Interval_Width,Residual,Absolute_Error,Absolute_Error_Percent,Uncertainty_Percent,Fold,Calibrated_Lower_80,Calibrated_Upper_80,Calibrated_Width_80,Inside_Calibrated_80,Calibrated_Lower_90,Calibrated_Upper_90,Calibrated_Width_90,Inside_Calibrated_90,Calibrated_Lower_95,Calibrated_Upper_95,Calibrated_Width_95,Inside_Calibrated_95,Calibrated_Lower_99,Calibrated_Upper_99,Calibrated_Width_99,Inside_Calibrated_99,Confidence_Category,Error_Category,Reliability_Risk_Score,Reliability_Risk_Level
Amritsar,2022,Kharif,Rice,3601.0,4264.990555555555,300.5210469822721,3675.969303470302,4854.011807640809,1178.042504170507,-663.9905555555551,663.9905555555551,18.439060137616085,7.04623006939171,1,3520.944271129112,5009.036839981999,1488.092568852887,True,3307.01252167365,5222.96858943746,1915.95606776381,True,3064.481598672296,5465.499512438814,2401.017913766518,True,2934.3007654910325,5595.680345620078,2661.3795801290457,True,High Confidence,High Error,25.485290207007793,High Risk
Barnala,2022,Rabi,Barley,2862.0,3240.643333333333,378.71213734718623,2498.3675441328487,3982.919122533818,1484.5515784009694,-378.64333333333343,378.643333333333,13.230025623107371,11.686325781419521,1,2303.0073125291287,4178.279354137537,1875.272041608408,True,2033.4137153542863,4447.87295131238,2414.459235958093,True,1727.7798665941127,4753.506800072553,3025.7269334784405,True,1563.7279239073096,4917.558742759356,3353.830818852047,True,Moderate Confidence,High Error,24.916351404526893,High Risk
Barnala,2022,Rabi,Potato,24888.0,27515.64611111112,1342.5919544912022,24884.16588030836,30147.12634191387,5262.960461605515,-2627.646111111113,2627.6461111111203,10.557883763705883,4.879376443023261,1,24191.58423500916,30839.707987213074,6648.123752203914,True,23235.83405207414,31795.458170148093,8559.624118073954,True,22152.315712155163,32878.97651006707,10726.660797911904,True,21570.72669862948,33460.565523592755,11889.838824963272,True,Very High Confidence,High Error,15.437260206729144,Moderate Risk
Barnala,2022,Rabi,Wheat,4572.0,4248.545000000001,332.2280454427406,3597.378030932229,4899.711969067773,1302.3339381355436,323.454999999999,323.454999999999,7.074693788276444,7.819807615142138,1,3425.996811524826,5071.093188475175,1645.0963769503494,True,3189.493818827857,5307.596181172145,2118.1023623442893,True,2921.374246780322,5575.71575321968,2654.341506439358,True,2777.458457200133,5719.631542799869,2942.1730855997357,True,High Confidence,Moderate Error,14.894501403418582,Moderate Risk
Faridkot,2022,Kharif,Rice,4349.0,4622.052777777778,148.35926019253583,4331.268627800408,4912.836927755148,581.5682999547407,-273.0527777777779,273.0527777777779,6.2785186888429045,3.2098132004426185,1,4254.736886212207,4989.368669343349,734.6317831311429,True,4149.124462724345,5094.981092831211,945.8566301068656,True,4029.393386742781,5214.712168812775,1185.3187820699952,True,3965.126566511852,5278.978989043704,1313.8524225318529,True,Very High Confidence,Moderate Error,9.488331889285522,Low Risk
Fatehgarh Sahib,2021,Rabi,Barley,3170.0,3990.717888888889,286.59794024095504,3428.9859260166168,4552.449851761161,1123.4639257445442,-820.7178888888889,820.7178888888889,25.890154223624258,7.181613639964682,1,3281.143186212128,4700.29259156565,1419.1494053535212,False,3077.1228709571496,4904.312906820628,1827.190035863478,True,2845.8283786914344,5135.607399086343,2289.779020394909,True,2721.678809058122,5259.756968719656,2538.078159661533,True,High Confidence,Very High Error,33.07176786358894,High Risk
Fatehgarh Sahib,2021,Rabi,Potato,26275.0,26863.403166666667,1372.0742402310864,24174.13765581373,29552.6686775196,5378.531021705858,-588.403166666667,588.403166666667,2.2394031081509684,5.107596501152239,1,23466.34745076069,30260.45888257264,6794.111431811949,True,22489.609729582964,31237.19660375037,8747.586874167406,True,21382.29816105493,32344.508172278405,10962.210011223478,True,20787.9379005226,32938.868432810734,12150.93053228814,True,High Confidence,Low Error,7.346999609303207,Low Risk
Fatehgarh Sahib,2021,Rabi,Wheat,4959.0,4851.778333333334,311.17787470590105,4241.869698909768,5461.686967756899,1219.8172688471311,107.22166666666637,107.22166666666635,2.1621630705115216,6.413686968508133,1,4081.3472976518256,5622.209369014842,1540.8620713630164,True,3859.829278211434,5843.727388455233,1983.8981102438,True,3608.697925090353,6094.858741576314,2486.1608164859617,True,3473.900727344736,6229.655939321931,2755.755211977195,True,High Confidence,Low Error,8.575850039019654,Low Risk
Firozpur,2021,Kharif,Rice,4348.0,4420.735,313.52918178465546,3806.217803702075,5035.2521962979245,1229.0343925958496,-72.73499999999967,72.73499999999967,1.6728380864765333,7.092241036494055,1,3644.482470905433,5196.987529094567,1552.505058189134,True,3421.2906278113696,5420.17937218863,1998.88874437726,True,3168.261688209088,5673.208311790912,2504.946623581824,True,3032.4459424527718,5809.024057547228,2776.5781150944563,True,High Confidence,Low Error,8.765079122970588,Low Risk
Firozpur,2021,Rabi,Potato,25781.0,26165.114444444444,1603.02537591819,23023.184707644792,29307.04418124409,6283.859473599303,-384.1144444444435,384.1144444444435,1.4899128988186785,6.126575059787501,1,22196.25739842333,30133.97149046556,7937.714092042225,True,21055.112621592085,31275.1162672968,10220.003645704715,True,19761.41546487026,32568.813424018623,12807.39795914837,True,19067.010926009298,33263.217962879586,14196.20703687029,True,High Confidence,Low Error,7.6164879586061796,Low Risk
Firozpur,2021,Rabi,Wheat,4933.0,4974.95138888889,189.64060739968863,4603.2557983855,5346.64697939228,743.3911810067802,-41.9513888888896,41.951388888889596,0.8504234520350618,3.811908751977638,1,4505.42890209802,5444.47387567976,939.0449735817398,True,4370.4295490869645,5579.473228690815,1209.0436796038507,True,4217.38299207195,5732.519785705829,1515.1367936338786,True,4135.233763177015,5814.669014600764,1679.4352514237494,True,Very High Confidence,Low Error,4.662332204012699,Low Risk
Hoshiarpur,2022,Kharif,Rice,3797.0,3876.626944444444,289.5837099452653,3309.0428729517243,4444.211015937164,1135.1681429854398,-79.62694444444423,79.62694444444378,2.097101512890276,7.46999167305136,1,3159.6599114235923,4593.593977465295,1433.934066041703,True,2953.51411796092,4799.739770927968,1846.225652967048,True,2719.810005838201,5033.443883050686,2313.633877212485,True,2594.3670492967253,5158.886839592162,2564.519790295437,True,High Confidence,Low Error,9.567093185941635,Low Risk
Hoshiarpur,2022,Rabi,Potato,27896.0,26339.42111111111,1149.0265264153709,24087.329119336984,28591.51310288524,4504.183983548253,1556.5788888888892,1556.5788888888892,5.5799357932638705,4.362383370417589,1,23494.599005399454,29184.243216822768,5689.644211423317,True,22676.64213537273,30002.20008684949,7325.557951476758,True,21749.33781907638,30929.50440314584,9180.166584069464,True,21251.598202972385,31427.24401924984,10175.645816277449,True,Very High Confidence,Moderate Error,9.94231916368146,Low Risk
Hoshiarpur,2022,Rabi,Wheat,3621.0,3790.968611111111,229.84032593688752,3340.4815722748112,4241.45564994741,900.9740776725988,-169.96861111111093,169.96861111111093,4.693968823836259,6.062839066069784,1,3221.917483937339,4360.019738284883,1138.1022543475433,True,3058.301179798773,4523.636042423449,1465.334862624676,True,2872.812053655492,4709.125168566729,1836.3131149112376,True,2773.248960056653,4808.688262165569,2035.439302108916,True,High Confidence,Low Error,10.756807889906042,Moderate Risk
Kapurthala,2022,Rabi,Potato,27252.0,27703.13611111111,589.0964576206285,26548.50705417468,28857.765168047543,2309.258113872864,-451.13611111111095,451.13611111111095,1.6554238628765265,2.1264612614900122,1,26244.619195697647,29161.65302652457,2917.03383082693,True,25825.259430242582,29581.01279197964,3755.75336173706,True,25349.83812768074,30056.43409454148,4706.5959668607375,True,25094.651116829857,30311.621105392365,5216.969988562506,True,Very High Confidence,Low Error,3.781885124366539,Low Risk
Kapurthala,2022,Rabi,Wheat,3994.0,4122.266666666666,331.126292343996,3473.2591336724345,4771.274199660898,1298.015065988464,-128.26666666666642,128.26666666666642,3.2114838925054188,8.03262668622431,1,3302.4462581846333,4942.087075148699,1639.640816964066,True,3066.727569849202,5177.805763484131,2111.0781936349285,True,2799.497150819872,5445.0361825134605,2645.539031693589,True,2656.058622775256,5588.474710558077,2932.416087782821,True,High Confidence,Low Error,11.244110578729728,Moderate Risk
Ludhiana,2022,Kharif,Rice,4818.0,4392.275833333333,277.69449149341625,3847.9946300062375,4936.557036660429,1088.5624066541914,425.72416666666686,425.72416666666686,8.836118029611184,6.322337258192451,1,3704.7447712791154,5079.806895387551,1375.0621241084357,True,3507.0625490990637,5277.489117567603,1770.4265684685392,True,3282.953449218738,5501.598217447929,2218.64476822919,True,3162.660708875022,5621.890957791644,2459.2302489166223,True,High Confidence,Moderate Error,15.158455287803633,Moderate Risk
Ludhiana,2022,Rabi,Barley,3210.0,3109.328055555556,296.07807230982274,2529.015033828303,3689.641077282809,1160.6260434545056,100.6719444444443,100.67194444444385,3.136197646244357,9.522252622421384,1,2376.2819284559696,3842.374182655143,1466.092254199173,True,2165.5129968929914,4053.143114218121,1887.6301173251293,True,1926.5677087714607,4292.088402339652,2365.520693568191,True,1798.3115000065925,4420.34461110452,2622.0331110979278,True,High Confidence,Low Error,12.65845026866574,Moderate Risk
Ludhiana,2022,Rabi,Potato,28885.0,27442.56111111111,734.5065580769342,26002.92825728032,28882.1939649419,2879.26570766158,1442.4388888888898,1442.4388888888898,4.993729925182239,2.6765233576524414,1,25624.029993534383,29261.092228687838,3637.06223515345,True,25101.157221281675,29783.965000940545,4682.807779658873,True,24508.38491707945,30376.73730514277,5868.352388063325,True,24190.20861406265,30694.91360815957,6504.704994096925,True,Very High Confidence,Low Error,7.670253282834681,Low Risk
Ludhiana,2022,Rabi,Wheat,2475.0,4208.598055555556,433.9681930025354,3358.0203972705867,5059.1757138405255,1701.1553165699388,-1733.598055555556,1733.5980555555561,70.04436588103256,10.311466841783004,1,3134.156099475715,5283.040011635398,2148.883912159682,False,2825.227404899011,5591.968706212101,2766.7413013130904,False,2475.0,5942.196111111112,3467.196111111112,True,2287.0120320805017,6130.1840790306105,3843.172046950108,True,Moderate Confidence,Very High Error,80.35583272281556,Very High Risk
Muktsar,2021,Rabi,Barley,3361.0,3872.565388888889,224.24252475099507,3433.050040376939,4312.080737400839,879.0306970239003,-511.5653888888892,511.5653888888892,15.220630434063946,5.790541985279025,1,3317.3736010696985,4427.75717670808,1110.3835756383817,True,3157.74220052716,4587.388577250618,1429.646376723458,True,2976.770694370984,4768.360083406795,1791.589389035811,True,2879.6324772647567,4865.498300513022,1985.865823248265,True,High Confidence,High Error,21.01117241934297,High Risk
Muktsar,2021,Rabi,Potato,25317.0,25137.860444444443,879.5392752270018,23413.96346499952,26861.757423889365,3447.7939588898444,179.1395555555573,179.1395555555573,0.7075860313447775,3.4988629090801684,1,22960.249470733237,27315.47141815565,4355.22194742242,True,22334.13233932579,27941.588549563094,5607.456210237303,True,21624.31359491908,28651.407293969805,7027.093699050728,True,21243.31147605101,29032.409412837875,7789.097936786862,True,Very High Confidence,Low Error,4.206448940424946,Low Risk
Muktsar,2021,Rabi,Wheat,5051.0,4912.398055555555,164.56428469490297,4589.852057553546,5234.944053557565,645.0919960040192,138.6019444444446,138.6019444444446,2.744049583140855,3.349978622127192,1,4504.96088665816,5319.835224452951,814.8743377947902,True,4387.812601450888,5436.983509660223,1049.1709082093344,True,4255.003507841991,5569.79260326912,1314.7890954271295,True,4183.716934377055,5641.079176734056,1457.3622423570007,True,Very High Confidence,Low Error,6.094028205268048,Low Risk
Muktsar,2022,Kharif,Rice,4178.0,4569.122666666666,273.49751907115,4033.067529287212,5105.17780404612,1072.1102747589084,-391.1226666666662,391.1226666666662,9.361480772299334,5.985777555643433,1,3891.982696244748,5246.262637088585,1354.279940843836,True,3697.288170473077,5440.957162860255,1743.6689923871784,True,3476.566173112208,5661.679160221124,2185.112987108916,True,3358.091493008385,5780.153840324947,2422.0623473165624,True,High Confidence,Moderate Error,15.347258327942768,Moderate Risk
Rupnagar,2021,Kharif,Rice,4457.0,4013.897222222222,289.53426921150367,3446.4100545676747,4581.384389876769,1134.9743353090944,443.1027777777781,443.1027777777781,9.941727120883511,7.213295537527696,1,3297.0525972477417,4730.741847196702,1433.68924994896,True,3090.941999132531,4936.8524453119135,1845.9104461793825,True,2857.2777873991977,5170.516657045246,2313.2388696460484,True,2731.856247780027,5295.938196664417,2564.0819488843904,True,High Confidence,Moderate Error,17.155022658411205,Moderate Risk
Rupnagar,2021,Rabi,Barley,4549.0,3455.2677222222223,395.04908897010256,2680.971507840821,4229.563936603623,1548.5924287628018,1093.7322777777777,1093.7322777777777,24.04335629320241,11.433241089522015,1,2477.183791775928,4433.351652668517,1956.1678608925895,False,2195.9604179962344,4714.57502644821,2518.6146084519764,True,1877.1420818401807,5033.393362604264,3156.2512807640837,True,1706.0132372349617,5204.522207209483,3498.5089699745217,True,Moderate Confidence,Very High Error,35.47659738272443,High Risk
Rupnagar,2021,Rabi,Potato,24012.0,26086.46444444444,1565.8622988967368,23017.37433860684,29155.55455028205,6138.180211675208,-2074.464444444442,2074.4644444444384,8.639282210746453,6.002585372316386,1,22209.61775727615,29963.311131612725,7753.69337433657,True,21094.9282392768,31078.00064961208,9983.072410335277,True,19831.222976507463,32341.70591238141,12510.48293587395,True,19152.91687860035,33020.01201028853,13867.095131688178,True,High Confidence,Moderate Error,14.641867583062838,Moderate Risk
Rupnagar,2021,Rabi,Wheat,4513.0,4355.460166666666,430.2445500498116,3512.180848569036,5198.739484764296,1686.558636195261,157.53983333333417,157.53983333333417,3.4908006499741675,9.878279988474507,1,3290.2374074827694,5420.682925850562,2130.4455183677933,True,2983.959460529976,5726.960872803355,2743.0014122733787,True,2636.7371648282087,6074.183168505123,3437.446003676914,True,2450.3622185154263,6260.558114817905,3810.19589630248,True,High Confidence,Low Error,13.369080638448674,Moderate Risk
Sangrur,2022,Kharif,Rice,5052.0,4675.265555555556,165.92893904795585,4350.044835021562,5000.486276089549,650.4414410679874,376.7344444444443,376.7344444444443,7.457134688132309,3.5490805190901873,1,4264.449701500794,5086.081409610318,821.6317081095241,True,4146.329960563275,5204.201150547837,1057.8711899845612,True,4012.41954349252,5338.111567618592,1325.6920241260725,True,3940.5418239415817,5409.98928716953,1469.447463227948,True,Very High Confidence,Moderate Error,11.006215207222496,Moderate Risk
Sangrur,2022,Rabi,Barley,3316.0,3282.383333333333,362.6645525622613,2571.560810311301,3993.2058563553655,1421.6450460440649,33.61666666666679,33.61666666666679,1.0137716123844025,11.048817756272463,1,2384.4787920815284,4180.2878745851385,1795.80908250361,True,2126.3089801025903,4438.457686564076,2312.1487064614857,True,1833.6260896493732,4731.140577017293,2897.51448736792,True,1676.5256998698503,4888.240966796816,3211.7152669269653,True,Moderate Confidence,Low Error,12.062589368656866,Moderate Risk
Sangrur,2022,Rabi,Potato,27686.0,27208.55494444444,1343.6585845289458,24574.98411876771,29842.125770121173,5267.141651353464,477.4450555555595,477.4450555555595,1.7244999478276366,4.9383680510504275,1,23881.852247926043,30535.25764096284,6653.4053930367945,True,22925.34276366325,31491.767125225622,8566.424361562373,True,21840.96361625624,32576.14627263264,10735.182656376395,True,21258.91255593416,33158.197332954725,11899.28477702057,True,Very High Confidence,Low Error,6.662867998878064,Low Risk
Sangrur,2022,Rabi,Wheat,4174.0,4289.269722222222,493.64440770108246,3321.726683128101,5256.812761316344,1935.086078188244,-115.2697222222223,115.2697222222223,2.7616128946387706,11.508821773169602,1,3067.078161710489,5511.461282733955,2444.3831210234653,True,2715.667793588661,5862.871650855784,3147.203857267123,True,2317.279610676257,6261.259833768188,3943.9802230919295,True,2103.440876467438,6475.098567977007,4371.657691509568,True,Moderate Confidence,Low Error,14.270434667808374,Moderate Risk
Tarn Taran,2021,Kharif,Rice,4123.0,4408.484111111111,324.1005800150036,3773.246974281704,5043.721247940518,1270.474273658814,-285.4841111111109,285.4841111111109,6.924184116204485,7.351746583324251,1,3606.0583417278303,5210.909880494392,1604.851538766561,True,3375.3410432943874,5441.627178927834,2066.2861356334465,True,3113.7806181407045,5703.187604081517,2589.406985940813,True,2973.385514488038,5843.582707734184,2870.1971932461456,True,High Confidence,Moderate Error,14.275930699528736,Moderate Risk
Amritsar,2021,Kharif,Rice,3343.0,4283.37361111111,286.7456061740232,3721.3522230100248,4845.394999212196,1124.0427762021714,-940.3736111111102,940.3736111111102,28.129632399375122,6.694386999775189,2,3573.433309119629,4993.313913102591,1419.8806039829617,False,3369.307874999555,5197.439347222666,1828.1314722231104,False,3137.894211196929,5428.853011025291,2290.9587998283623,True,3013.680675081428,5553.066547140793,2539.3858720593653,True,High Confidence,Very High Error,34.82401939915031,High Risk
Barnala,2021,Rabi,Barley,3422.0,3840.0077777777774,310.29809403495926,3231.823513469258,4448.192042086299,1216.3685286170407,-418.0077777777783,418.0077777777774,12.21530618871354,8.080663165076443,2,3071.7549507305653,4608.26060482499,1536.5056540944245,True,2850.863220263813,4829.152335291741,1978.2891150279283,True,2600.441880701865,5079.573674853689,2479.1317941518246,True,2466.025789643817,5213.989765911738,2747.9639762679208,True,High Confidence,High Error,20.295969353789985,High Risk
Barnala,2021,Rabi,Potato,24886.0,26025.60083333333,1012.726924933576,24040.656060463523,28010.545606203144,3969.889545739621,-1139.600833333334,1139.6008333333302,4.579284872351243,3.891272026413644,2,23518.23666299655,28532.96500367011,5014.72834067356,True,22797.3073139634,29253.89435270326,6456.587038739857,True,21980.001510197344,30071.20015646932,8091.198646271975,True,21541.304666176533,30509.897000490128,8968.592334313591,True,Very High Confidence,Low Error,8.470556898764887,Low Risk
Barnala,2021,Rabi,Wheat,4804.0,5012.7444444444445,72.44731717208101,4870.7477027871655,5154.741186101724,283.99348331455803,-208.74444444444453,208.74444444444453,4.345221574613749,1.4452625298377892,2,4833.375452821935,5192.113436066954,358.73798324501905,False,4781.802421709434,5243.686467179455,461.8840454700204,True,4723.334920417409,5302.15396847148,578.8190480540702,True,4691.9519201054045,5333.536968783485,641.5850486780805,True,Very High Confidence,Low Error,5.790484104451538,Low Risk
Bathinda,2022,Kharif,Bajra,600.0,4072.2227777777775,662.295960542976,2774.1226951135445,5370.322860442011,2596.2001653284665,-3472.222777777777,3472.2227777777775,578.7037962962962,16.26374578908457,2,2432.474568522693,5711.970987032863,3279.496418510169,False,1961.006313906229,6183.439241649327,4222.432927743097,False,1426.51047002601,6717.935085529545,5291.424615503535,False,1139.6146242213872,7004.830931334168,5865.216307112781,False,Moderate Confidence,Very High Error,594.9675420853808,Very High Risk
Bathinda,2022,Kharif,Rice,4593.0,4298.672777777778,338.2970504076353,3635.6105589788126,4961.734996576743,1326.12443759793,294.3272222222222,294.3272222222222,6.408169436582238,7.869802329604624,2,3461.098618111434,5136.246937444122,1675.1483193326874,True,3220.2752862481016,5377.070269307455,2156.7949830593525,True,2947.257816397348,5650.087739158208,2702.829922760861,True,2800.7130325059625,5796.632523049593,2995.9194905436307,True,High Confidence,Moderate Error,14.277971766186862,Moderate Risk
Faridkot,2021,Kharif,Rice,4104.0,4277.392222222223,422.3429537782925,3449.6000328167693,5105.184411627676,1655.5843788109069,-173.3922222222227,173.3922222222227,4.224956681828038,9.873842094351444,2,3231.732663040116,5323.051781404329,2091.319118364213,True,2931.0796210010767,5623.704823443369,2692.625202442292,True,2590.2341879389123,5964.550256505533,3374.3160685666207,True,2407.282084706231,6147.502359738214,3740.2202750319834,True,High Confidence,Low Error,14.098798776179482,Moderate Risk
Faridkot,2022,Rabi,Barley,3514.0,3139.933666666667,266.6357401578388,2617.327615957303,3662.539717376031,1045.2121014187278,374.0663333333332,374.0663333333332,10.645029406184781,8.491763472216839,2,2479.782460114276,3800.0848732190575,1320.3024131047816,True,2289.972625055758,3989.894708277576,1699.9220832218184,True,2074.788321610133,4205.079011723201,2130.2906901130677,True,1959.2860526069976,4320.581280726336,2361.295228119338,True,High Confidence,High Error,19.13679287840162,Moderate Risk
Faridkot,2022,Rabi,Potato,24099.0,25973.323888888888,1139.8231152584465,23739.27058298233,28207.377194795445,4468.106611813113,-1874.323888888888,1874.3238888888882,7.777600269259671,4.388437614432748,2,23151.28808697898,28795.3596907988,5644.071603819814,True,22339.882844099608,29606.76493367817,7266.882089578557,True,21420.006000271704,30526.641777506076,9106.635777234367,True,20926.25315229776,31020.39462548001,10094.141473182252,True,Very High Confidence,Moderate Error,12.166037883692418,Moderate Risk
Faridkot,2022,Rabi,Wheat,4582.0,4227.556,373.3939056852547,3495.7039448569003,4959.408055143099,1463.7041102861986,354.4440000000004,354.4440000000004,7.735573985159327,8.832382248402027,2,3303.0871451813864,5152.024854818613,1848.937709637226,True,3037.279434602079,5417.83256539792,2380.5531307958404,True,2735.937583512802,5719.174416487197,2983.2368329743945,True,2574.1894123446777,5880.922587655321,3306.733175310644,True,High Confidence,Moderate Error,16.567956233561354,Moderate Risk
Fazilka,2022,Kharif,Rice,3142.0,4279.018333333333,459.2428550796045,3378.902337377309,5179.134329289358,1800.2319919120491,-1137.0183333333334,1137.0183333333334,36.18772544027159,10.732434855493052,2,3142.0,5416.036666666667,2274.036666666667,True,2815.0790458816136,5742.957620785053,2927.87857490344,True,2444.454110814074,6113.582555852593,3669.12844503852,True,2245.5175700721143,6312.519096594553,4067.0015265224383,True,Moderate Confidence,Very High Error,46.920160295764646,Very High Risk
Hoshiarpur,2021,Kharif,Rice,4151.0,4074.061277777778,336.640764093809,3414.2453801539123,4733.877175401643,1319.6317952477311,76.93872222222217,76.93872222222217,1.8534984876468843,8.263026526626811,2,3240.587841472156,4907.534714083399,1666.9468726112434,True,3000.943569219703,5147.178986335853,2146.23541711615,True,2729.2627799524907,5418.859775603065,2689.5969956505746,True,2583.435472372618,5564.687083182938,2981.25161081032,True,High Confidence,Low Error,10.116525014273696,Moderate Risk
Hoshiarpur,2021,Rabi,Potato,27886.0,26996.80777777778,751.8281421128363,25523.224619236626,28470.390936318938,2947.166317082316,889.1922222222202,889.1922222222202,3.1886689457872057,2.7848779318705152,2,25135.390944302915,28858.224611252645,3722.83366694973,True,24600.18746572081,29393.42808983475,4793.2406241139415,True,23993.436041565896,30000.179513989664,6006.74347242377,True,23667.756309872613,30325.859245682943,6658.102935810332,True,Very High Confidence,Low Error,5.973546877657721,Low Risk
Hoshiarpur,2021,Rabi,Wheat,4145.0,3840.744722222223,412.77264451524405,3031.7103389723443,4649.779105472101,1618.0687664997567,304.25527777777734,304.2552777777769,7.340296206942748,10.74720332562007,2,2818.7798530443188,4862.709591400128,2043.9297383558087,True,2524.9396217020108,5156.549822742436,2631.6102010404247,True,2191.8177606235167,5489.6716838209295,3297.853923197413,True,2013.01135981726,5668.478084627186,3655.4667248099263,True,Moderate Confidence,Moderate Error,18.087499532562816,Moderate Risk
Kapurthala,2022,Kharif,Bajra,650.0,4039.8875,814.999121651566,2442.4892215629307,5637.285778437069,3194.7965568741383,-3389.8875,3389.8875,521.5211538461539,20.173807356060436,2,2022.0685340244336,6057.706465975566,4035.637931951132,False,1441.8955656071194,6637.87943439288,5195.983868785761,False,784.1629668280807,7295.612033171919,6511.449066343838,False,431.1185935171575,7648.656406482842,7217.537812965685,True,Low Confidence,Very High Error,541.6949612022144,Very High Risk
Kapurthala,2022,Kharif,Rice,4219.0,4453.1175,292.91909847931595,3878.996066980541,5027.238933019459,1148.2428660389182,-234.1175000000003,234.1175000000003,5.549123014932455,6.577843465377141,2,3727.892531400928,5178.342468599072,1450.4499371981442,True,3519.372376769984,5386.862623230017,1867.490246460033,True,3282.976490251247,5623.258509748754,2340.282019497506,True,3156.0886976069223,5750.146302393078,2594.0576047861555,True,High Confidence,Moderate Error,12.126966480309596,Moderate Risk
Ludhiana,2021,Kharif,Rice,4888.0,4212.988611111111,354.5652810196628,3518.040660312572,4907.93656190965,1389.8959015970777,675.0113888888891,675.0113888888891,13.80956196581197,8.416003786114,2,3335.136685003385,5090.840537218837,1755.7038522154517,True,3082.7324969227466,5343.244725299475,2260.5122283767287,True,2796.5859999188074,5629.391222303415,2832.805222384607,True,2642.9940829340003,5782.9831392882215,3139.9890563542217,True,High Confidence,High Error,22.22556575192597,High Risk
Ludhiana,2021,Rabi,Barley,3539.0,3347.5652777777777,478.2360813088694,2410.222558412393,4284.907997143162,1874.6854387307685,191.43472222222223,191.43472222222226,5.40928856236853,14.286086801161291,2,2163.5224862673467,4531.608069288209,2368.085583020862,True,1823.0808348273192,4872.049720728236,3048.968885900917,True,1437.1277064954024,5258.002849060153,3820.875142564751,True,1229.963608848013,5465.166946707543,4235.203337859529,True,Moderate Confidence,Moderate Error,19.69537536352982,Moderate Risk
Ludhiana,2021,Rabi,Potato,28877.0,27030.235555555555,972.9615534373823,25123.230910818285,28937.240200292825,3814.0092894745394,1846.764444444445,1846.764444444445,6.395278056738736,3.599530427463879,2,24621.324645673198,29439.14646543792,4817.821819764723,True,23928.703049382664,30131.76806172845,6203.065012345784,True,23143.489281596478,30916.98182951464,7773.492547918159,True,22722.018150200856,31338.452960910254,8616.434810709401,True,Very High Confidence,Moderate Error,9.994808484202615,Low Risk
Ludhiana,2021,Rabi,Wheat,4968.0,4492.6883333333335,405.9723238981893,3696.9825784928826,5288.394088173784,1591.411509680902,475.3116666666665,475.3116666666665,9.56746511003757,9.036289494779613,2,3487.5600662464853,5497.816600420181,2010.256534173696,True,3198.560775334384,5786.815891332283,2588.255115997899,True,2870.927009191406,6114.449657475261,3243.522648283855,True,2695.0663967507817,6290.310269915885,3595.243873165103,True,High Confidence,Moderate Error,18.603754604817183,Moderate Risk
Moga,2022,Rabi,Barley,2608.0,3074.968111111112,218.8172373232178,2646.0863259576045,3503.849896264618,857.7635703070137,-466.9681111111113,466.9681111111122,17.905218984321785,7.116081514229107,2,2533.2085437407645,3616.727678481459,1083.5191347406942,True,2377.4392395218547,3772.496982700369,1395.0577431785143,True,2200.846128758012,3949.090093464212,1748.2439647062004,True,2106.058057988249,4043.878164233975,1937.8201062457251,True,High Confidence,High Error,25.021300498550893,High Risk
Moga,2022,Rabi,Potato,29476.0,26536.52111111111,922.1247690738528,24729.15656372636,28343.88565849586,3614.7290947695,2939.4788888888907,2939.4788888888907,9.972448394927707,3.4749271210526156,2,24253.474665291076,28819.567556931142,4566.092891640073,False,23597.04222222222,29476.0,5878.957777777781,True,22852.85550514651,30220.18671707571,7367.331211929201,True,22453.406042486426,30619.636179735797,8166.230137249368,True,Very High Confidence,Moderate Error,13.447375515980323,Moderate Risk
Moga,2022,Rabi,Wheat,4375.0,4013.116666666667,565.4710195360901,2904.7934683759304,5121.439864957403,2216.646396581473,361.8833333333332,361.8833333333332,8.271619047619044,14.090570160417881,2,2613.0928904235334,5413.1404429098,2800.0475524862677,True,2210.551352349977,5815.681980983356,3605.1306286333793,True,1754.196598911709,6272.036734421625,4517.840135509915,True,1509.243743854575,6516.989589478759,5007.745845624183,True,Moderate Confidence,Moderate Error,22.362189208036924,High Risk
Muktsar,2021,Kharif,Rice,4362.0,4307.651666666667,416.8773579054868,3490.5720451719126,5124.731288161421,1634.159242989508,54.34833333333336,54.34833333333336,1.2459498700901732,9.677601397795321,2,3275.524125764722,5339.779207568611,2064.2550818038885,True,2978.761874399505,5636.541458933829,2657.7795845343235,True,2642.327367044857,5972.975966288476,3330.648599243619,True,2461.7428711118937,6153.56046222144,3691.8175911095454,True,High Confidence,Low Error,10.923551267885495,Moderate Risk
Patiala,2022,Kharif,Rice,4313.0,4488.309444444445,456.06125409299625,3594.4293864221727,5382.189502466717,1787.7601160445447,-175.30944444444503,175.30944444444503,4.064675271144099,10.161092048978515,2,3359.168291150196,5617.450597738694,2258.282306588499,True,3034.512221544788,5942.106667344102,2907.5944457993137,True,2666.454948980932,6310.163939907958,3643.708990927026,True,2468.89662607578,6507.72226281311,4038.8256367373306,True,Moderate Confidence,Low Error,14.225767320122614,Moderate Risk
Patiala,2022,Rabi,Barley,3235.0,3081.391722222222,240.0008339086528,2610.9900877612627,3551.7933566831816,940.803268921919,153.60827777777786,153.60827777777786,4.748323888030227,7.7887154748235075,2,2487.184659115873,3675.598785328572,1188.4141262126986,True,2316.3353998562493,3846.448044588195,1530.112644731946,True,2122.646390871817,4040.1370535726273,1917.4906627008104,True,2018.6819303584423,4144.101514086002,2125.41958372756,True,High Confidence,Low Error,12.537039362853735,Moderate Risk
Patiala,2022,Rabi,Potato,26718.0,27030.84305555555,986.3853318513964,25097.52780512681,28964.158305984285,3866.630500857471,-312.84305555554965,312.84305555554965,1.1709074614699815,3.649110498788784,2,24588.69682804001,29472.98928307109,4884.292455031079,True,23886.519254125786,30175.16685698532,6288.6476028595325,True,23090.472030907407,30971.21408020369,7880.742049296282,True,22663.18593687964,31398.500174231463,8735.314237351828,True,Very High Confidence,Low Error,4.820017960258765,Low Risk
Patiala,2022,Rabi,Wheat,3883.0,4059.456388888889,539.3001242788148,3002.4281453024123,5116.484632475366,2114.056487172954,-176.45638888888925,176.4563888888888,4.544331416144445,13.285033083615078,2,2724.2279325470536,5394.684845230724,2670.456912683671,True,2340.316655027377,5778.5961227504,3438.279467723023,True,1905.082723063198,6213.830054714579,4308.7473316513815,True,1671.4666744757042,6447.446103302073,4775.979428826369,True,Moderate Confidence,Low Error,17.82936449975952,Moderate Risk
Sangrur,2021,Kharif,Rice,5264.0,4655.876111111111,450.45287944022255,3772.9884674082746,5538.763754813946,1765.775287405672,608.1238888888893,608.1238888888893,11.552505488010814,9.674932680558875,2,3540.620475533409,5771.131746688812,2230.511271155404,True,3219.9568364519782,6091.795385770243,2871.8385493182645,True,2856.425717030251,6455.326505191971,3598.9007881617204,True,2661.296850871713,6650.455371350508,3989.158520478796,True,High Confidence,High Error,21.22743816856969,High Risk
Sangrur,2021,Rabi,Barley,4359.0,3912.491111111111,319.4469302048213,3286.3751279096614,4538.607094312561,1252.2319664028992,446.508888888889,446.50888888888903,10.243378960515921,8.164796318581317,2,3121.5870999709136,4703.395122251309,1581.8080222803949,True,2894.182592622297,4930.7996295999255,2036.6170369776285,True,2636.3778245020294,5188.6043977201925,2552.2265732181627,True,2497.9986063113192,5326.983615910903,2828.985009599583,True,High Confidence,High Error,18.408175279097236,Moderate Risk
Sangrur,2021,Rabi,Potato,27681.0,25796.041388888887,955.8129452320004,23922.648016234165,27669.43476154361,3746.786745309444,1884.958611111113,1884.958611111113,6.809575561255421,3.7052698544812275,2,23429.58793197504,28162.49484580273,4732.906913827689,True,22749.17390580628,28842.908871971493,6093.734966165211,True,21977.799660469533,29614.28311730824,7636.4834568387105,True,21563.757027431988,30028.325750345783,8464.568722913795,True,Very High Confidence,Moderate Error,10.514845415736648,Moderate Risk
Sangrur,2021,Rabi,Wheat,5264.0,4999.248888888888,97.31798251601631,4808.505643157497,5189.99213462028,381.4864914627833,264.75111111111164,264.75111111111164,5.029466396487684,1.946652080721786,2,4758.30375700536,5240.1940207724165,481.89026376705647,False,4689.026059279398,5309.471718498378,620.4456592189799,True,4610.487067214622,5388.010710563155,777.5236433485337,True,4568.330498898786,5430.167278878991,861.836779980205,True,Very High Confidence,Moderate Error,6.97611847720947,Low Risk
Shahid Bhagat Singh Nagar,2022,Kharif,Rice,4513.0,4145.906111111111,436.97328609304094,3289.43847036875,5002.373751853471,1712.9352814847207,367.0938888888895,367.0938888888886,8.13414333899598,10.539874140466997,2,3064.0239828010767,5227.7882394211465,2163.7642566200693,True,2752.9560542885665,5538.856167933656,2785.9001136450897,True,2400.3034348887286,5891.508787333494,3491.205352444766,True,2211.01370948423,6080.7985127379925,3869.784803253763,True,Moderate Confidence,Moderate Error,18.674017479462975,Moderate Risk
Amritsar,2022,Rabi,Potato,26122.0,26425.18777777778,1048.466419709294,24370.193595147564,28480.181960408,4109.988365260433,-303.18777777778087,303.18777777778087,1.1606606606606724,3.967678218699359,3,23829.3378306138,29021.037724941765,5191.69989432797,True,23082.96662744497,29767.40892811059,6684.44230066562,True,22236.817810044435,30613.557745511127,8376.739935466692,True,21782.63919776114,31067.736357794423,9285.097160033289,True,Very High Confidence,Low Error,5.128338879360031,Low Risk
Amritsar,2022,Rabi,Wheat,4451.0,4456.928888888889,495.6966546340939,3485.3634458060646,5428.494331971713,1943.1308861656485,-5.92888888888865,5.92888888888865,0.1332035248009133,11.121933218855348,3,3229.656264270113,5684.2015135076645,2454.545249237552,True,2876.7849642731207,6037.072813504657,3160.287849231536,True,2476.740546804476,6437.117230973302,3960.376684168826,True,2262.012812579465,6651.844965198312,4389.832152618847,True,Moderate Confidence,Low Error,11.255136743656262,Moderate Risk
Bathinda,2021,Kharif,Rice,4638.0,4238.213055555555,340.840680036165,3570.1653226846715,4906.260788426438,1336.0954657417665,399.786944444445,399.786944444445,8.61981337741365,8.042084613688369,3,3394.341239891173,5082.084871219937,1687.7436313287633,True,3151.7071758283414,5324.718935282768,2173.011759454427,True,2876.6369085187216,5599.789202592388,2723.152294073667,True,2728.9902656138943,5747.435845497215,3018.445579883321,True,High Confidence,Moderate Error,16.661897991102016,Moderate Risk
Faridkot,2021,Rabi,Barley,3873.0,3677.145595238096,318.7942950230941,3052.308776992831,4301.98241348336,1249.673636490529,195.8544047619044,195.85440476190388,5.056917241464082,8.66961306715548,3,2887.857413627731,4466.433776848461,1578.57636322073,True,2660.917497320524,4693.373693155668,2032.456195835144,True,2403.639428460082,4950.65176201611,2547.012333556028,True,2265.54292122281,5088.748269253382,2823.205348030572,True,High Confidence,Moderate Error,13.726530308619562,Moderate Risk
Faridkot,2021,Rabi,Potato,24093.0,25627.03833333333,801.8277344333269,24055.45597384401,27198.620692822653,3143.164718978638,-1534.038333333334,1534.0383333333302,6.367153668423733,3.128834959404505,3,23641.829801198863,27612.2468654678,3970.417064268936,True,23071.03314082602,28183.04352584064,5112.010385014621,True,22423.9303090178,28830.14635764886,6406.216048631062,True,22076.59156657513,29177.48510009153,7100.893533516391,True,Very High Confidence,Moderate Error,9.495988627828238,Low Risk
Faridkot,2021,Rabi,Wheat,5066.0,4962.0038888888885,142.7230440387654,4682.266722572908,5241.741055204869,559.4743326319604,103.99611111111152,103.99611111111153,2.0528249331052413,2.8763186654963406,3,4608.642446535936,5315.365331241841,706.722884705905,True,4507.042273085778,5416.965504691999,909.9232316062212,True,4391.859819304673,5532.147958473104,1140.2881391684305,True,4330.034516306083,5593.973261471694,1263.9387451656114,True,Very High Confidence,Low Error,4.929143598601582,Low Risk
Fazilka,2021,Kharif,Rice,3276.0,4295.800555555555,461.4168172091207,3391.423593825678,5200.177517285431,1808.7539234597527,-1019.8005555555546,1019.8005555555546,31.129443087776394,10.741113588534558,3,3153.3998090395407,5438.2013020715685,2284.801493032028,True,2824.931277717203,5766.669833393906,2941.738555676703,True,2452.5518797022723,6139.049231408837,3686.497351706565,True,2252.6736138992337,6338.927497211876,4086.2538833126414,True,Moderate Confidence,Very High Error,41.870556676310954,Very High Risk
Fazilka,2022,Rabi,Barley,3080.0,3432.5993333333336,210.506568313816,3020.0064594382543,3845.192207228413,825.1857477901585,-352.5993333333336,352.59933333333356,11.44803030303031,6.1325703314577344,3,2911.4157704047257,3953.7828962619415,1042.3671258572151,True,2761.5625774804485,4103.636089186219,1342.0735117057704,True,2591.676465264124,4273.522201402543,1681.8457361384185,True,2500.4884412358515,4364.710225430816,1864.221784194964,True,High Confidence,High Error,17.580600634488043,Moderate Risk
Fazilka,2022,Rabi,Potato,23326.0,25020.22583333333,716.1967399202919,23616.48022308956,26423.971443577106,2807.491220487544,-1694.225833333334,1694.2258333333302,7.263250593043515,2.8624711251252375,3,23247.027155213924,26793.424511452737,3546.397356238814,True,22737.18858296083,27303.26308370583,4566.074500745,True,22159.19293797136,27881.2587286953,5722.06579072394,True,21848.948150590368,28191.503516076293,6342.555365485926,True,Very High Confidence,Moderate Error,10.125721718168752,Moderate Risk
Fazilka,2022,Rabi,Wheat,4277.0,4483.725555555555,226.7798648197285,4039.237020508887,4928.214090602222,888.9770700933354,-206.7255555555548,206.72555555555482,4.833424258956157,5.0578444646046,3,3922.251683771114,5045.199427339996,1122.9477435688816,True,3760.814028374487,5206.637082736623,1445.8230543621355,True,3577.7948006526576,5389.656310458452,1811.8615098057944,True,3479.5574490680674,5487.893662043042,2008.3362129749744,True,High Confidence,Low Error,9.891268723560756,Low Risk
Gurdaspur,2022,Kharif,Rice,3841.0,4311.9325,425.3898086572959,3478.1684750317,5145.6965249683,1667.5280499366,-470.9324999999999,470.9324999999999,12.260674303566777,9.86540973582717,3,3258.7293724899064,5365.135627510093,2106.4062550201875,True,2955.907367574065,5667.957632425934,2712.050264851869,True,2612.6030167972303,6011.261983202769,3398.658966405538,True,2428.331065551527,6195.533934448473,3767.202868896945,True,High Confidence,High Error,22.126084039393945,High Risk
Gurdaspur,2022,Rabi,Potato,24896.0,26077.991666666665,836.6262659706766,24438.20418536414,27717.77914796919,3279.574962605053,-1181.991666666665,1181.991666666665,4.747717170094252,3.2081698493679123,3,24006.627045453388,28149.356287879946,4142.729242426554,True,23411.058373918528,28744.9249594148,5333.866585496275,True,22735.871918491943,29420.111414841384,6684.2394963494335,True,22373.45901776817,29782.52431556516,7409.0652977969885,True,Very High Confidence,Low Error,7.955887019462164,Low Risk
Gurdaspur,2022,Rabi,Wheat,4220.0,4282.465,403.30062439340594,3491.9957761889245,5072.934223811076,1580.9384476221512,-62.46500000000015,62.465000000000146,1.4802132701421835,9.417487927943508,3,3283.9514712471205,5280.978528752879,1997.027057505759,True,2996.854081565622,5568.075918434379,2571.2218368687563,True,2671.376469719936,5893.5535302800645,3222.177060560129,True,2496.6731940816258,6068.256805918374,3571.583611836749,True,High Confidence,Low Error,10.897701198085691,Moderate Risk
Kapurthala,2021,Kharif,Rice,4340.0,4242.692222222223,405.3879789378121,3448.131783504112,5037.252660940335,1589.1208774362235,97.30777777777712,97.30777777777712,2.2421146953404865,9.554970233628667,3,3239.0107080365706,5246.373736407875,2007.3630283713048,True,2950.427394444242,5534.957050000204,2584.5296555559617,True,2623.265214980516,5862.11922946393,3238.8540144834155,True,2447.657731279361,6037.726713165084,3590.068981885722,True,High Confidence,Low Error,11.797084928969154,Moderate Risk
Kapurthala,2021,Rabi,Potato,27246.0,27490.969722222224,1017.5256397419822,25496.61946832794,29485.31997611651,3988.7005077885697,-244.969722222224,244.96972222222394,0.8991034361822797,3.7013086479793005,3,24971.724633863,30010.21481058145,5038.4901767184565,True,24247.37922640596,30734.56021803849,6487.180991632536,True,23426.20069311433,31555.73875133012,8129.538058215791,True,22985.42512383208,31996.51432061237,9011.089196780293,True,Very High Confidence,Low Error,4.60041208416158,Low Risk
Kapurthala,2021,Rabi,Wheat,4616.0,4046.9888888888886,522.0261078122954,3023.8177175767896,5070.160060200988,2046.342342624198,569.0111111111114,569.0111111111114,12.326930483342968,12.899123821306539,3,2754.528378080642,5339.449399697135,2584.9210216164934,True,2382.913944991376,5711.063832786402,3328.1498877950253,True,1961.6207442992156,6132.357033478562,4170.736289179346,True,1735.4875188902624,6358.490258887515,4623.002739997252,True,Moderate Confidence,High Error,25.22605430464951,High Risk
Moga,2021,Rabi,Barley,4291.0,3484.2572619047623,345.34661044122004,2807.377905439971,4161.136618369554,1353.7587129295823,806.7427380952377,806.7427380952377,18.800809557101786,9.911627772641193,3,2629.229419701038,4339.285104108487,1710.055684407449,True,2383.387721483601,4585.126802325924,2201.739080842323,True,2104.681011831284,4863.8335119782405,2759.1525001469563,True,1955.0824731099171,5013.432050699607,3058.34957758969,True,High Confidence,High Error,28.71243732974298,High Risk
Moga,2021,Rabi,Potato,29466.0,25658.229166666668,979.796061407797,23737.828886307387,27578.62944702595,3840.8005607185614,3807.770833333332,3807.770833333332,12.922591574470008,3.818642568991775,3,23232.397011792204,28084.06132154113,4851.664309748926,False,22534.91013813937,28781.54819519396,6246.63805705459,False,21744.180685036063,29572.27764829727,7828.0969632612,True,21319.748955868985,29996.70937746435,8676.960421595362,True,Very High Confidence,High Error,16.74123414346178,Moderate Risk
Moga,2021,Rabi,Wheat,5147.0,4862.973888888889,185.73620521944824,4498.93092665877,5227.016851119008,728.085924460238,284.0261111111113,284.0261111111113,5.518284653411915,3.8193954864496704,3,4403.118132479422,5322.829645298356,919.7115128189351,True,4270.898204062363,5455.049573715414,1184.15136965305,True,4121.002635219563,5604.945142558215,1483.942507338652,True,4040.5447298908216,5685.403047886956,1644.8583179961345,True,Very High Confidence,Moderate Error,9.337680139861586,Low Risk
Moga,2022,Kharif,Rice,4739.0,4703.183888888889,372.1536746745428,3973.762686526785,5432.605091250993,1458.842404724208,35.81611111111124,35.81611111111124,0.7557736043703575,7.912802974889907,3,3781.78566517787,5624.582112599907,1842.7964474220369,True,3516.860837153761,5889.506940624016,2372.646103470255,True,3216.5198955674405,6189.847882210337,2973.327986642897,True,3055.308972315669,6351.058805462108,3295.7498331464385,True,High Confidence,Low Error,8.668576579260264,Low Risk
Patiala,2021,Kharif,Rice,4472.0,4153.6658333333335,492.1437513236333,3189.0640807390123,5118.267585927655,1929.2035051886428,318.33416666666653,318.33416666666653,7.118384764460344,11.848419470198111,3,2935.189679156877,5372.141987509789,2436.952308352912,True,2584.847582450256,5722.484084216411,3137.636501766156,True,2187.6704813571964,6119.661185309471,3931.990703952274,True,1974.4818071009056,6332.849859565761,4358.368052464855,True,Moderate Confidence,Moderate Error,18.966804234658454,Moderate Risk
Patiala,2021,Rabi,Barley,4125.0,3697.189484126984,414.8271710574908,2884.1282288543016,4510.250739399666,1626.122510545364,427.8105158730164,427.8105158730159,10.371164021164022,11.220067914789164,3,2670.137906862027,4724.241061391941,2054.103154529914,True,2374.8351208604063,5019.543847393562,2644.708726533156,True,2040.055185501839,5354.323782752129,3314.26859725029,True,1860.3587971897207,5534.020171064247,3673.661373874526,True,Moderate Confidence,High Error,21.591231935953186,High Risk
Patiala,2021,Rabi,Potato,26706.0,25841.914444444443,977.0201803540888,23926.95489095043,27756.87399793845,3829.919106988025,864.0855555555572,864.0855555555572,3.2355483994441596,3.780757739348258,3,23422.95496622528,28260.873922663606,4837.918956438326,True,22727.444157463957,28956.38473142493,6228.940573960979,True,21938.95493678649,29744.8739521024,7805.919015315905,True,21515.725674175454,30168.103214713432,8652.377540537977,True,Very High Confidence,Low Error,7.016306138792418,Low Risk
Patiala,2021,Rabi,Wheat,4974.0,4786.471111111112,311.3050782721424,4176.313157697713,5396.629064524511,1220.3159068267978,187.5288888888881,187.5288888888881,3.7701827279631708,6.5038536960871225,3,4015.725137950921,5557.217084271303,1541.4919463203817,True,3794.1165661790496,5778.825656043175,1984.7090898641247,True,3542.8825553618126,6030.059666860411,2487.1771114985986,True,3408.030255098741,6164.911967123482,2756.8817120247413,True,High Confidence,Low Error,10.274036424050294,Moderate Risk
Sahibzada Ajit Singh Nagar,2022,Kharif,Rice,3500.0,3953.091666666666,371.6721046251407,3224.614341601391,4681.568991731942,1456.9546501305513,-453.0916666666667,453.0916666666658,12.945476190476166,9.402061372853082,3,3032.885740165932,4873.2975931674,1840.411853001468,True,2768.303727143263,5137.879606190069,2369.5758790468067,True,2468.351429313325,5437.831904020008,2969.4804747066837,True,2307.3491143799924,5598.83421895334,3291.485104573348,True,High Confidence,High Error,22.347537563329247,High Risk
Sahibzada Ajit Singh Nagar,2022,Rabi,Barley,2703.0,3550.6633333333334,200.6659395474091,3157.358091820412,3943.9685748462553,786.6104830258437,-847.6633333333334,847.6633333333334,31.3600937230238,5.651505668351428,3,3053.843732075926,4047.482934590741,993.6392025148152,False,2910.9957820418854,4190.330884624781,1279.3351025828958,False,2749.0513990375293,4352.2752676291375,1603.223868591608,False,2662.1261754510306,4439.200491215636,1777.0743157646057,True,High Confidence,Very High Error,37.01159939137523,High Risk
Sahibzada Ajit Singh Nagar,2022,Rabi,Potato,26516.0,27684.81527777777,741.5360504665902,26231.404618863256,29138.225936692288,2906.821317829032,-1168.8152777777725,1168.8152777777686,4.407962278540386,2.678493762831104,3,25848.880162223373,29520.750393332164,3671.8702311087945,True,25321.003309159,30048.627246396536,4727.623937237531,True,24722.55796044088,30647.072595114656,5924.514634673776,True,24401.33659557129,30968.293959984247,6566.957364412959,True,Very High Confidence,Low Error,7.086456041371489,Low Risk
Sahibzada Ajit Singh Nagar,2022,Rabi,Wheat,2704.0,4283.376111111112,383.8198396741225,3531.0892253498314,5035.662996872392,1504.5737715225605,-1579.3761111111116,1579.3761111111116,58.40887984878371,8.960684976471965,3,3333.094164251228,5233.658057970995,1900.5638937197675,False,3059.864549880679,5506.887672341544,2447.023122460865,False,2750.108607935328,5816.643614286895,3066.535006351567,False,2583.844091616031,5982.908130606193,3399.064038990161,True,High Confidence,Very High Error,67.36956482525568,Very High Risk
Shahid Bhagat Singh Nagar,2021,Rabi,Potato,27748.0,27052.599166666667,1213.2082216113674,24674.711052308387,29430.487281024947,4755.776228716561,695.4008333333331,695.4008333333331,2.506129570900004,4.484627203977661,3,24048.872543889396,30056.32578944394,6007.453245554551,True,23185.22668643841,30919.97164689492,7734.744960456502,True,22206.125512877035,31899.0728204563,9692.94730757926,True,21680.583429559847,32424.614903773487,10744.03147421364,True,Very High Confidence,Low Error,6.990756774877665,Low Risk
Shahid Bhagat Singh Nagar,2021,Rabi,Wheat,4935.0,4078.299166666666,593.3635314289725,2915.3066450658807,5241.291688267453,2325.985043201572,856.7008333333333,856.7008333333338,17.359692671394807,14.549288984945868,3,2609.2175988125387,5547.380734520793,2938.163135708255,True,2186.820233914635,5969.778099418698,3782.9578655040623,True,1707.9552545799224,6448.64307875341,4740.687824173488,True,1450.9198167080554,6705.678516625278,5254.758699917222,True,Moderate Confidence,High Error,31.908981656340675,High Risk
Tarn Taran,2022,Rabi,Potato,24896.0,26486.386111111115,1033.4502951241943,24460.82353266769,28511.94868955453,4051.1251568868392,-1590.3861111111146,1590.3861111111146,6.388119019565853,3.9018169213000298,3,23927.71389847261,29045.05832374961,5117.344425276997,True,23192.032215504754,29780.740006717475,6588.7077912127215,True,22358.0019322039,30614.77029001833,8256.768357814424,True,21910.32806103365,31062.444161188578,9152.116100154924,True,Very High Confidence,Moderate Error,10.289935940865883,Moderate Risk
Tarn Taran,2022,Rabi,Wheat,4287.0,4462.604444444445,569.5989119780193,3346.190576967528,5579.0183119213625,2232.827734953835,-175.6044444444451,175.6044444444451,4.096208174584677,12.763822540604522,3,3052.3606085257225,5872.848280363168,2820.4876718374458,True,2646.8805499707105,6278.32833891818,3631.447788947469,True,2187.1944439564936,6738.014444932396,4550.820000975903,True,1940.4534529841912,6984.755435904699,5044.301982920508,True,Moderate Confidence,Low Error,16.8600307151892,Moderate Risk
Amritsar,2021,Rabi,Potato,26116.0,26827.15555555556,1258.115644936486,24361.24889148004,29293.062219631065,4931.813328151024,-711.1555555555533,711.1555555555606,2.723064617688622,4.689709433902121,4,23712.24470191078,29942.06640920033,6229.821707289553,True,22816.630622160734,30837.68048895038,8021.049866789649,True,21801.28759819313,31853.023512917985,10051.735914724855,True,21256.29234897228,32398.01876213884,11141.726413166556,True,Very High Confidence,Low Error,7.412774051590743,Low Risk
Amritsar,2021,Rabi,Wheat,4763.0,4489.255555555556,406.6906872649344,3692.141808516284,5286.369302594827,1594.2274940785428,273.7444444444445,273.7444444444436,5.747311451699425,9.059201068685995,4,3482.3487255385508,5496.162385572562,2013.8136600340115,True,3192.8380536987715,5785.673057412341,2592.835003713569,True,2864.6245433677022,6113.8865677434105,3249.262024375708,True,2688.452747592171,6290.058363518941,3601.605615926771,True,High Confidence,Moderate Error,14.806512520385422,Moderate Risk
Barnala,2022,Kharif,Rice,4744.0,4834.017777777777,178.23605617547665,4484.675107673843,5183.360447881712,698.6853402078686,-90.01777777777716,90.01777777777716,1.8975079632752352,3.6871204114067755,4,4392.731296581638,5275.304258973916,882.5729623922771,True,4265.850495065228,5402.185060490327,1136.3345654250986,True,4122.007807005813,5546.027748549741,1424.0199415439274,True,4044.7988443429263,5623.2367112126285,1578.437866869702,True,Very High Confidence,Low Error,5.58462837468201,Low Risk
Bathinda,2022,Rabi,Barley,3297.0,3168.061944444444,153.61641676867995,2866.9737675778315,3469.150121311057,602.1763537332254,128.93805555555582,128.93805555555582,3.9107690493040894,4.848908243036843,4,2787.7300998985183,3548.39378899037,760.6636890918514,True,2678.375267302245,3657.748621586643,979.373354284397,True,2554.4014833653537,3781.722405523535,1227.3209221581806,True,2487.857348350256,3848.266540538632,1360.409192188377,True,Very High Confidence,Low Error,8.759677292340932,Low Risk
Bathinda,2022,Rabi,Potato,27279.0,24669.739166666663,1009.5480513843486,22691.024985953343,26648.45334737999,3957.428361426646,2609.2608333333337,2609.2608333333374,9.565089751579373,4.092252636170685,4,22170.24542363178,27169.232909701543,4998.987486069764,False,21451.57901753229,27887.899315801034,6436.320298268746,True,20636.83867513321,28702.63965820011,8065.800983066896,True,20199.51886746767,29139.959465865657,8940.440598397987,True,Very High Confidence,Moderate Error,13.65734238775006,Moderate Risk
Bathinda,2022,Rabi,Wheat,4406.0,4204.559444444445,494.3466798637208,3235.6399519115525,5173.478936977338,1937.8389850657848,201.44055555555497,201.44055555555497,4.571959953598615,11.75739542740701,4,2980.629160477187,5428.489728411703,2447.8605679345164,True,2628.7188662641383,5780.400022624752,3151.6811563606134,True,2229.7639253242583,6179.354963564632,3949.5910382403736,True,2015.62097822862,6393.49791066027,4377.87693243165,True,Moderate Confidence,Low Error,16.329355381005627,Moderate Risk
Fatehgarh Sahib,2022,Kharif,Rice,4715.0,4402.461944444445,314.8987351351822,3785.260423579488,5019.663465309402,1234.4030417299143,312.5380555555548,312.5380555555548,6.628590785907844,7.152787215629637,4,3622.818600989234,5182.105287899656,1559.2866869104216,True,3398.651814718336,5406.272074170554,2007.620259452218,True,3144.5175979930764,5660.406290895814,2515.8886929027376,True,3008.1085839846755,5796.815304904215,2788.7067209195397,True,High Confidence,Moderate Error,13.78137800153748,Moderate Risk
Fazilka,2021,Rabi,Barley,3660.0,3952.48,289.08056926387485,3385.8820842428054,4519.077915757194,1133.1958315143888,-292.48,292.48,7.991256830601093,7.313903404036829,4,3236.758669928381,4668.201330071619,1431.4426601432378,True,3030.971046940865,4873.988953059135,1843.01790611827,True,2797.672986823763,5107.287013176237,2309.614026352474,True,2672.4479826479155,5232.5120173520845,2560.064034704169,True,High Confidence,Moderate Error,15.30516023463792,Moderate Risk
Fazilka,2021,Rabi,Potato,24316.0,25288.774166666662,977.5815302004844,23372.71436747372,27204.833965859616,3832.1195983859,-972.774166666666,972.7741666666625,4.000551762899582,3.865673851004777,4,22868.42486809492,27709.123465238405,4840.698597143482,True,22172.514451532737,28405.033881800588,6232.519430267851,True,21383.572202031704,29193.97613130162,7810.40392926992,True,20960.099771790832,29617.448561542493,8657.34878975166,True,Very High Confidence,Low Error,7.866225613904359,Low Risk
Fazilka,2021,Rabi,Wheat,4744.0,4983.316111111111,136.52956937786837,4715.718155130489,5250.914067091733,535.1959119612438,-239.31611111111124,239.31611111111124,5.0446060520891916,2.739733268645221,4,4645.288808764006,5321.343413458217,676.0546046942118,True,4548.097580653013,5418.534641569209,870.4370609161961,True,4437.913476043045,5528.718746179177,1090.8052701361328,True,4378.771085604952,5587.861136617271,1209.0900510123186,True,Very High Confidence,Moderate Error,7.7843393207344125,Low Risk
Gurdaspur,2021,Kharif,Rice,3898.0,4543.249444444445,514.8126465212465,3534.2166572628016,5552.282231626088,2018.0655743632865,-645.2494444444446,645.2494444444446,16.553346445470616,11.331375325446137,4,3268.6484117837485,5817.850477105141,2549.202065321392,True,2902.169021344971,6184.329867543918,3282.160846198948,True,2486.6973344619773,6599.801554426912,4113.104219964935,True,2263.688863243852,6822.810025645038,4559.121162401186,True,Moderate Confidence,High Error,27.884721770916755,High Risk
Gurdaspur,2021,Rabi,Potato,24889.0,26973.34972222222,988.1410541530498,25036.593256082244,28910.1061883622,3873.512932279955,-2084.3497222222213,2084.3497222222213,8.374582033115919,3.6633976288787053,4,24526.85658234181,29419.84286210263,4892.986279760812,True,23823.429163375728,30123.270281068715,6299.841117692986,True,23025.96501127789,30920.734433166548,7894.769421888652,True,22597.91836688482,31348.781077559623,8750.862710674806,True,Very High Confidence,Moderate Error,12.037979661994624,Moderate Risk
Gurdaspur,2021,Rabi,Wheat,4524.0,4305.034722222222,447.1340793121569,3428.6519267703943,5181.417517674049,1752.7655909036548,218.96527777777828,218.96527777777828,4.840081294822685,10.386305992007197,4,3197.9959517487696,5412.073492695674,2214.0775409469043,True,2879.69486505633,5730.3745793881135,2850.679714331783,True,2518.8421326108205,6091.227311833623,3572.3851792228024,True,2325.1509167272707,6284.918527717173,3959.7676109899016,True,Moderate Confidence,Low Error,15.226387286829882,Moderate Risk
Jalandhar,2022,Kharif,Rice,4277.0,4517.161666666667,347.740262362,3835.590752437147,5198.732580896187,1363.14182845904,-240.1616666666669,240.16166666666686,5.615189774764247,7.698202721591028,4,3656.207491396588,5378.115841936746,1721.9083505401582,True,3408.661825526496,5625.661507806838,2216.9996822803428,True,3128.0233556346875,5906.299977698646,2778.276622063959,True,2977.387925805286,6056.935407528048,3079.5474817227614,True,High Confidence,Moderate Error,13.313392496355275,Moderate Risk
Jalandhar,2022,Rabi,Potato,28006.0,27477.32277777778,548.891633354306,26401.49517640334,28553.15037915222,2151.65520274888,528.6772222222207,528.6772222222207,1.8877284232743725,1.9976168631618683,4,26118.34714378791,28836.29841176765,2717.9512679797426,True,25727.60796407289,29227.037591482676,3499.429627409786,True,25284.63335114005,29670.012204415503,4385.378853275446,True,25046.86241671195,29907.78313884361,4860.920722131662,True,Very High Confidence,Low Error,3.885345286436241,Low Risk
Jalandhar,2022,Rabi,Wheat,4223.0,3607.776555555556,414.4295352721782,2795.494666422087,4420.058444689025,1624.5637782669382,615.2234444444439,615.2234444444439,14.5683979266977,11.48711758864348,4,2581.7094665039467,4633.8436446071655,2052.1341781032197,True,2286.6897452661824,4928.86336584493,2642.173620578748,True,1952.230715797564,5263.322395313548,3311.091679515984,True,1772.7065768448651,5442.846534266248,3670.139957421382,True,Moderate Confidence,High Error,26.05551551534118,High Risk
Mansa,2022,Rabi,Barley,3548.0,3169.753611111112,154.7405452772499,2866.4621423677017,3473.0450798545216,606.5829374868199,378.2463888888883,378.24638888888785,10.660833959664258,4.881784651489294,4,2786.6385883205403,3552.868633901684,766.2300455811435,True,2676.483522992264,3663.02369922996,986.5401762376956,True,2551.602528304268,3787.9046939179566,1236.3021656136889,True,2484.5714390897283,3854.935783132496,1370.3643440427672,True,Very High Confidence,High Error,15.542618611153552,Moderate Risk
Mansa,2022,Rabi,Potato,24326.0,24666.74527777778,1020.133697483614,22667.28323070989,26666.20732484566,3998.924094135764,-340.74527777777985,340.74527777777985,1.4007452017503077,4.1356639718603265,4,22141.04301880865,27192.44753674691,5051.404517938259,True,21414.84101474731,27918.64954080825,6503.80852606094,True,20591.557688271743,28741.932867283816,8150.375179012075,True,20149.652350764605,29183.838204790954,9034.185854026353,True,Very High Confidence,Low Error,5.536409173610634,Low Risk
Mansa,2022,Rabi,Wheat,4453.0,4245.61,475.3508282700652,3313.922376590672,5177.297623409328,1863.375246818656,207.3900000000004,207.39000000000033,4.657309678868186,11.196290480521414,4,3068.710674229188,5422.509325770811,2353.798651541624,True,2730.32294625446,5760.89705374554,3030.57410749108,True,2346.6983173392077,6144.521682660792,3797.823365321585,True,2140.7840644141825,6350.435935585817,4209.651871171634,True,Moderate Confidence,Low Error,15.8536001593896,Moderate Risk
Moga,2021,Kharif,Rice,4877.0,4778.082777777779,385.0799925312136,4023.3259924166,5532.839563138958,1509.5135707223576,98.91722222222144,98.91722222222143,2.0282391269678373,8.059299313987797,4,3824.6808762240616,5731.484679331496,1906.8038031074336,True,3550.5541975446868,6005.61135801087,2455.057160466183,True,3239.7812684744003,6316.384287081157,3076.6030186067565,True,3072.9708744186883,6483.194681136869,3410.223806718181,True,High Confidence,Low Error,10.087538440955633,Moderate Risk
Pathankot,2021,Rabi,Barley,3777.0,2934.825277777778,239.62775521497355,2465.1548775564297,3404.495677999126,939.3408004426964,842.174722222222,842.174722222222,22.297450945782952,8.164975170052283,4,2341.54190310729,3528.1086524482653,1186.5667493409744,False,2170.958227168452,3698.692328387104,1527.7341012186514,False,1977.570305648072,3892.080249907484,1914.509944259412,True,1873.767456761148,3995.883098794408,2122.1156420332604,True,High Confidence,Very High Error,30.462426115835235,High Risk
Pathankot,2021,Rabi,Potato,26367.0,27336.59777777778,654.3053723257367,26054.159248019336,28619.036307536226,2564.87705951689,-969.5977777777808,969.5977777777807,3.677315499593358,2.3935142831037615,4,25716.63309960353,28956.56245595203,3239.9293563485003,True,25250.853100547392,29422.34245500817,4171.489354460774,True,24722.80593889796,29950.389616657605,5227.583677759648,True,24439.371486037933,30233.82406951763,5794.452583479691,True,Very High Confidence,Low Error,6.070829782697119,Low Risk
Pathankot,2021,Rabi,Wheat,4344.0,3672.015833333333,427.2165457334016,2834.671403695866,4509.3602629708,1674.6888592749342,671.9841666666666,671.9841666666671,15.469248772252925,11.634387353542229,4,2614.289971233603,4729.741695433063,2115.4517241994604,True,2310.1675680181725,5033.864098648493,2723.6965306303205,True,1965.38897697232,5378.642689694346,3413.2537127220257,True,1780.325712915223,5563.705953751443,3783.38024083622,True,Moderate Confidence,High Error,27.103636125795155,High Risk
Pathankot,2022,Kharif,Rice,3525.0,3958.657666666667,298.66752855549004,3373.2693106979063,4544.046022635427,1170.7767119375208,-433.65766666666696,433.65766666666696,12.30234515366431,7.544666745760284,4,3219.20042354835,4698.114909784984,1478.9144862366338,True,3006.588137217589,4910.727196115745,1904.139058898156,True,2765.553067965453,5151.762265367881,2386.2091974024283,True,2636.175148841419,5281.140184491915,2644.965035650496,True,High Confidence,High Error,19.847011899424594,Moderate Risk
Pathankot,2022,Rabi,Potato,26376.0,27611.226111111115,756.7045715442636,26128.08515088436,29094.36707133787,2966.281920453512,-1235.2261111111147,1235.2261111111147,4.683144188319361,2.7405685227421173,4,25737.73594954108,29484.71627268115,3746.980323140072,True,25199.061089869905,30023.391132352324,4824.330042482419,True,24588.37421778936,30634.07800443287,6045.703786643512,True,24260.58209612304,30961.87012609919,6701.288029976155,True,Very High Confidence,Low Error,7.423712711061478,Low Risk
Pathankot,2022,Rabi,Wheat,3650.0,3836.222666666667,390.87147986916506,3070.1145661231035,4602.330767210231,1532.2162010871275,-186.222666666667,186.222666666667,5.101990867579918,10.18896747744826,4,2868.481887093003,4803.963446240331,1935.481559147328,True,2590.2324255649773,5082.212907768357,2491.98048220338,True,2274.7855650555166,5397.659768277817,3122.874203222301,True,2105.4663928141026,5566.978940519231,3461.5125477051283,True,Moderate Confidence,Moderate Error,15.290958345028178,Moderate Risk
Sahibzada Ajit Singh Nagar,2021,Kharif,Rice,3650.0,3708.619722222223,349.0450566465128,3024.491411195057,4392.748033249388,1368.2566220543304,-58.61972222222266,58.61972222222312,1.6060197869102222,9.41172411274789,4,2844.435066594508,4572.804377849939,1728.3693112554315,True,2595.9605575476453,4821.278886896801,2225.318329349156,True,2314.2690733484283,5102.970371096018,2788.7012977475897,True,2163.06842784181,5254.171016602637,3091.1025887608266,True,High Confidence,Low Error,11.017743899658113,Moderate Risk
Sahibzada Ajit Singh Nagar,2021,Rabi,Barley,3542.0,3076.783611111111,259.4549173265422,2568.2519731510884,3585.3152490711336,1017.0632759200452,465.216388888889,465.216388888889,13.134285400589752,8.432667035458042,4,2434.4110746399074,3719.1561475823146,1284.7450729424068,True,2249.713047909808,3903.854174312414,1654.1411264026067,True,2040.323917902689,4113.243304319533,2072.919386416844,True,1927.932264640089,4225.634957582133,2297.702692942044,True,High Confidence,High Error,21.566952436047792,High Risk
Sahibzada Ajit Singh Nagar,2021,Rabi,Potato,26500.0,27631.40472222222,1325.0315000172209,25034.34298218847,30228.46646225597,5194.123480067501,-1131.4047222222216,1131.4047222222216,4.2694517819706475,4.795382331581501,4,24350.81997038629,30911.98947405815,6561.169503671856,True,23407.57053834568,31855.238906098763,8447.66836775308,True,22338.224095119684,32924.58534932476,10586.361254205076,True,21764.241985061894,33498.56745938255,11734.325474320658,True,Very High Confidence,Low Error,9.064834113552148,Low Risk
Sahibzada Ajit Singh Nagar,2021,Rabi,Wheat,4368.0,3782.059888888889,574.2886106921575,2656.45421193226,4907.665565845517,2251.211353913258,585.9401111111115,585.940111111111,13.41437983312983,15.184545659346357,4,2360.2050428982498,5203.914734879529,2843.7096919812784,True,1951.386531145337,5612.7332466324415,3661.3467154871046,True,1487.915675380114,6076.204102397664,4588.28842701755,True,1239.1431831465652,6324.976594631213,5085.833411484648,True,Moderate Confidence,High Error,28.598925492476187,High Risk
Tarn Taran,2021,Rabi,Potato,25466.0,25861.483611111114,1116.1253538655903,23673.87791753456,28049.08930468767,4375.211387153111,-395.4836111111144,395.48361111111444,1.5529867710324137,4.315782383753339,4,23098.12001033533,28624.847211886903,5526.727201551581,True,22303.58447959046,29419.38274263177,7115.79826304131,True,21402.83255230797,30320.134669914263,8917.3021176063,True,20919.345189409465,30803.622032812764,9884.2768434033,True,Very High Confidence,Low Error,5.868769154785753,Low Risk
Tarn Taran,2021,Rabi,Wheat,4704.0,4592.582777777778,362.0913473728473,3882.883736926997,5302.281818628559,1419.3980817015618,111.41722222222234,111.41722222222234,2.3685633975812572,7.884263929327654,4,3696.097408978884,5489.068146576671,1792.9707375977864,True,3438.335644257201,5746.829911298354,2308.4942670411533,True,3146.1153503011465,6039.050205254409,2892.934854953262,True,2989.263263693369,6195.902291862187,3206.639028168818,True,High Confidence,Low Error,10.25282732690891,Moderate Risk
Barnala,2021,Kharif,Rice,5222.0,4878.150222222223,280.8904184051184,4327.605002148191,5428.695442296254,1101.090440148064,343.8497777777775,343.8497777777766,6.584637644155047,5.758133833712891,5,4182.706511227678,5573.593933216769,1390.887421989091,True,3982.749206346372,5773.551238098075,1790.8020317517037,True,3756.060882443225,6000.239562001221,2244.1786795579965,True,3634.383718504791,6121.916725939656,2487.533007434866,True,High Confidence,Moderate Error,12.342771477867938,Moderate Risk
Bathinda,2021,Rabi,Barley,4274.0,3789.760555555555,308.4339957749329,3185.229923836687,4394.291187274424,1209.061263437737,484.23944444444487,484.23944444444487,11.329888732906992,8.138614333372269,5,3026.122963940623,4553.398147170487,1527.275183229865,True,2806.558228058539,4772.962883052571,1966.404654994032,True,2557.64128053871,5021.8798305724,2464.2385500336904,True,2424.032686549698,5155.488424561412,2731.455738011713,True,High Confidence,High Error,19.46850306627926,Moderate Risk
Bathinda,2021,Rabi,Potato,27275.0,24566.15166666667,1021.6378541374048,22563.741472557354,26568.561860775982,4004.820388218628,2708.8483333333315,2708.8483333333315,9.931616254201032,4.15872159384103,5,22036.72533518852,27095.577998144818,5058.8526629562975,False,21309.452567972214,27822.850765361123,6513.39819738891,True,20484.95533483272,28647.34799850062,8162.3926636679025,True,20042.39842111023,29089.904912223108,9047.50649111288,True,Very High Confidence,Moderate Error,14.090337848042061,Moderate Risk
Bathinda,2021,Rabi,Wheat,4951.0,4965.252444444444,205.77105560222583,4561.941175464081,5368.563713424807,806.6225379607258,-14.252444444444336,14.252444444444336,0.2878700150362419,4.144221424883651,5,4455.793320363944,5474.711568524945,1018.9182481610007,True,4309.311194222283,5621.193694666606,1311.882500444323,True,4143.24680524418,5787.258083644709,1644.0112784005291,True,4054.1101283562334,5876.394760532654,1822.28463217642,True,Very High Confidence,Low Error,4.432091439919892,Low Risk
Fatehgarh Sahib,2021,Kharif,Rice,4757.0,4301.2588888888895,344.6829651941937,3625.68027710827,4976.837500669509,1351.1572235612389,455.7411111111105,455.7411111111105,9.58043117744609,8.013536829521856,5,3447.874135530973,5154.643642246805,1706.769506715832,True,3202.504866083966,5400.012911693813,2197.5080456098467,True,2924.333741196588,5678.184036581191,2753.850295384604,True,2775.0226828099994,5827.49509496778,3052.47241215778,True,High Confidence,Moderate Error,17.59396800696795,Moderate Risk
Fatehgarh Sahib,2022,Rabi,Barley,2739.0,3373.047777777778,328.84998097278714,2728.501815071115,4017.593740484441,1289.091925413326,-634.0477777777778,634.0477777777778,23.148878341649425,9.749342512706392,5,2558.8631842742725,4187.232371281283,1628.3691870070102,True,2324.764932440172,4421.330623115384,2096.565690675212,True,2059.371575751205,4686.72397980435,2627.352404053145,True,1916.9191087956865,4829.17644675987,2912.257337964183,True,High Confidence,Very High Error,32.89822085435581,High Risk
Fatehgarh Sahib,2022,Rabi,Potato,26288.0,27812.79694444445,861.6705414940367,26123.922683116136,29501.67120577276,3377.7485226566205,-1524.796944444446,1524.7969444444498,5.8003535622506455,3.098108195357726,5,25679.426349485155,29946.167539403745,4266.741189918587,True,25066.02942355561,30559.56446533329,5493.535041777677,True,24370.631367911432,31254.962520977468,6884.331153066039,True,23997.369694075784,31628.22419481312,7630.854500737334,True,Very High Confidence,Moderate Error,8.898461757608372,Low Risk
Fatehgarh Sahib,2022,Rabi,Wheat,3400.0,4334.583888888889,541.0753896773592,3274.076125121265,5395.091652656513,2121.015527535248,-934.5838888888892,934.5838888888893,27.48776143790851,12.482752751984606,5,2994.960134324445,5674.207643453334,2679.2475091288893,True,2609.7850996194666,6059.382678158312,3449.597578538845,True,2173.1184668178425,6496.049310959936,4322.9308441420935,True,1938.733402113105,6730.434375664674,4791.7009735515685,True,Moderate Confidence,Very High Error,39.970514189893116,High Risk
Firozpur,2022,Kharif,Rice,4460.0,4388.768333333333,124.47689260870276,4144.793623820276,4632.743042846391,487.9494190261157,71.23166666666657,71.23166666666657,1.5971225710014927,2.836260270638636,5,4080.581700907824,4696.954965758843,616.3732648510188,True,3991.970405060281,4785.5662616063855,793.5958565461041,True,3891.513229232227,4886.02343743444,994.5102082022132,True,3837.591862478265,4939.944804188402,1102.352941710136,True,Very High Confidence,Low Error,4.433382841640129,Low Risk
Firozpur,2022,Rabi,Potato,25788.0,25557.90277777778,1349.1227819510427,22913.62212515373,28202.183430401827,5288.561305248091,230.097222222219,230.097222222219,0.892264705375442,5.278691266969233,5,22217.671525339225,28898.134030216337,6680.462504877109,True,21257.272245916934,29858.533309638624,8601.261063721686,True,20168.483301400705,30947.322254154857,10778.838952754151,True,19584.065239565018,31531.740315990544,11947.675076425525,True,High Confidence,Low Error,6.170955972344675,Low Risk
Firozpur,2022,Rabi,Wheat,4375.0,4538.288888888889,311.510995089625,3927.727338513224,5148.850439264555,1221.1231007513302,-163.28888888888923,163.28888888888923,3.7323174603174682,6.864062705490137,5,3767.03309571946,5309.544682058318,1542.5115863388587,True,3545.2779380580187,5531.29983971976,1986.021901661741,True,3293.877745216904,5782.700032560875,2488.822287343972,True,3158.9362451352663,5917.641532642512,2758.705287507245,True,High Confidence,Low Error,10.596380165807606,Moderate Risk
Jalandhar,2021,Kharif,Rice,4551.0,3992.788611111112,415.8704453099911,3177.6825383035293,4807.894683918694,1630.2121456151644,558.2113888888885,558.211388888888,12.265686418125423,10.415538757867344,5,2963.154038947777,5022.423183274447,2059.269144326671,True,2667.10857788815,5318.468644334073,2651.3600664459227,True,2331.4866839714614,5654.090538250763,3322.603854279301,True,2151.3383662095066,5834.238856012717,3682.9004898032094,True,Moderate Confidence,High Error,22.681225175992765,High Risk
Jalandhar,2021,Rabi,Potato,28064.0,27208.51361111111,802.0902645154587,25636.41669266081,28780.610529561407,3144.1938369005948,855.4863888888904,855.4863888888904,3.0483408954136633,2.9479385606272515,5,25222.655092780595,29194.372129441625,3971.7170366610326,True,24651.671545265173,29765.35567695705,5113.684131691873,True,24004.356842562134,30412.67037966008,6408.313537097946,True,23656.9043763548,30760.122845867423,7103.218469512626,True,Very High Confidence,Low Error,5.996279456040915,Low Risk
Jalandhar,2021,Rabi,Wheat,4900.0,3578.9441666666667,716.3656987273989,2174.867397160965,4983.020936172368,2808.153539011403,1321.055833333333,1321.0558333333333,26.9603231292517,20.01611831219493,5,1805.3271711817656,5352.561162151567,3547.233990969802,True,1295.368322317256,5862.520011016077,4567.151688698821,True,717.2363217019538,6440.65201163138,5723.415689929426,True,406.9183441118121,6750.969989221521,6344.051645109709,True,Low Confidence,Very High Error,46.97644144144663,Very High Risk
Mansa,2021,Kharif,Bajra,640.0,625.0,0.0,625.0,625.0,0.0,15.0,15.0,2.34375,0.0,5,625.0,625.0,0.0,False,625.0,625.0,0.0,False,625.0,625.0,0.0,False,625.0,625.0,0.0,False,Very High Confidence,Low Error,2.34375,Low Risk
Mansa,2021,Kharif,Rice,4758.0,4587.1025,227.72429415090468,4140.762883464226,5033.4421165357735,892.6792330715471,170.89750000000004,170.89750000000004,3.5917927700714594,4.964447473125022,5,4023.290358926864,5150.914641073136,1127.6242821462706,True,3861.180393151033,5313.024606848967,1451.8442136979336,True,3677.3989781558,5496.8060218442,1819.4070436883992,True,3578.752515134764,5595.452484865236,2016.6999697304725,True,Very High Confidence,Low Error,8.55624024319648,Low Risk
Mansa,2021,Rabi,Barley,3839.0,3794.036944444445,340.575970954484,3126.5080413736564,4461.565847515234,1335.0578061415777,44.963055555555,44.963055555555,1.1712179097565774,8.976611876518087,5,2950.8205098612107,4637.253379027679,1686.432869166469,True,2708.374884104146,4879.699004784744,2171.3241206805983,True,2433.5182462176617,5154.555642671228,2721.0373964535665,True,2285.9862709847,5302.087617904191,3016.101346919492,True,High Confidence,Low Error,10.147829786274665,Moderate Risk
Mansa,2021,Rabi,Potato,24324.0,24664.37722222222,1182.8035393714763,22346.08228505413,26982.67215939032,4636.589874336183,-340.37722222222146,340.37722222222146,1.3993472382100867,4.795594588562279,5,21735.928158460945,27592.826285983498,5856.898127522554,True,20893.92646513269,28434.82797931175,7540.901514179056,True,19939.362926193757,29389.39151825069,9450.028592056937,True,19426.99165705529,29901.76278738915,10474.771130333858,True,Very High Confidence,Low Error,6.194941826772366,Low Risk
Mansa,2021,Rabi,Wheat,4964.0,4841.204111111111,317.6300193996775,4218.649273087744,5463.758949134479,1245.109676046735,122.79588888888884,122.79588888888884,2.473728623869638,6.5609714465597655,5,4054.798506146709,5627.6097160755135,1572.8112099288046,True,3828.687402075673,5853.720820146549,2025.033418070876,True,3572.3489440824587,6110.059278139764,2537.710334057305,True,3434.7567821222683,6247.651440099954,2812.8946579776857,True,High Confidence,Low Error,9.034700070429404,Low Risk
Mansa,2022,Kharif,Rice,4569.0,4456.778333333334,208.35072556957988,4048.410911216957,4865.14575544971,816.734844232753,112.22166666666637,112.22166666666635,2.456153790034282,4.674917843933899,5,3940.9323226319775,4972.624344034689,1031.69202140271,True,3792.613808274998,5120.942858391669,1328.3290501166712,True,3624.4675360327983,5289.089130633869,1664.6215946010711,True,3534.213388042396,5379.343278624272,1845.129890581876,True,Very High Confidence,Low Error,7.1310716339681814,Low Risk
Muktsar,2022,Rabi,Barley,3142.0,3344.0666666666666,185.50898251187888,2980.469060943384,3707.664272389949,727.1952114465648,-202.0666666666666,202.0666666666666,6.431147888818161,5.547406825378647,5,2884.7734805430478,3803.359852790286,918.5863722472384,True,2752.715305027607,3935.4180283057262,1182.7027232781195,True,2603.003112802008,4085.130220531325,1482.127107729317,True,2522.643636657133,4165.4896966762,1642.8460600190672,True,High Confidence,Moderate Error,11.978554714196807,Moderate Risk
Muktsar,2022,Rabi,Potato,25326.0,24682.52166666667,1043.8814018830024,22636.514118975985,26728.52921435736,4092.015095381372,643.4783333333289,643.4783333333289,2.540781542025306,4.229233203885917,5,22098.023554962925,27267.019778370417,5168.996223407492,True,21354.91628586698,28010.12704746636,6655.210761599382,True,20512.46773710505,28852.575596228296,8340.10785912325,True,20060.27528002376,29304.768053309585,9244.492773285823,True,Very High Confidence,Low Error,6.770014745911222,Low Risk
Muktsar,2022,Rabi,Wheat,4527.0,4367.721611111111,201.74336585677148,3972.304614031839,4763.138608190383,790.8339941585441,159.2783888888889,159.2783888888889,3.518409297302605,4.618961184329001,5,3868.23445944326,4867.2087627789615,998.9743033357016,True,3724.619522545618,5010.823699676604,1286.2041771309855,True,3561.8056190870398,5173.637603135183,1611.8319840481436,True,3474.413671934745,5261.029550287478,1786.6158783527328,True,Very High Confidence,Low Error,8.137370481631606,Low Risk
Pathankot,2021,Kharif,Rice,3675.0,4054.73,392.144497021754,3286.126785837362,4823.333214162638,1537.2064283252755,-379.73,379.73,10.332789115646259,9.671285067606327,5,3083.8374156129757,5025.622584387025,1941.7851687740492,True,2804.6817320772907,5304.778267922709,2500.096535845419,True,2488.2075025096083,5621.252497490392,3133.044994980784,True,2318.3368799280524,5791.123120071948,3472.7862401438947,True,High Confidence,High Error,20.004074183252584,High Risk
Rupnagar,2022,Kharif,Rice,4226.0,3924.090833333333,372.421673115015,3194.144354027904,4654.037312638762,1459.8929586108584,301.9091666666668,301.9091666666668,7.144088184256195,9.490648635130091,5,3002.02908456852,4846.152582098146,1844.1234975296263,True,2736.9134766446423,5111.268190022024,2374.3547133773814,True,2436.356251008391,5411.825415658275,2975.469164649884,True,2275.029235187989,5573.1524314786775,3298.123196290688,True,High Confidence,Moderate Error,16.634736819386287,Moderate Risk
Rupnagar,2022,Rabi,Barley,3218.0,3842.3875,558.0538389218523,2748.6019757131694,4936.173024286831,2187.5710485736613,-624.3874999999998,624.3874999999998,19.402967681789924,14.52362206887911,5,2460.727581238266,5224.047418761734,2763.3198375234674,True,2063.466107375736,5621.308892624264,3557.8427852485283,True,1613.0972763162922,6071.677723683708,4458.580447367415,True,1371.3574233497384,6313.417576650261,4942.060153300523,True,Moderate Confidence,High Error,33.92658975066904,High Risk
Rupnagar,2022,Rabi,Potato,24016.0,26367.20205555556,1669.454306706801,23095.071614410223,29639.33249670089,6544.260882290662,-2351.2020555555573,2351.202055555561,9.790148465837612,6.331556542060357,5,22233.876664877705,30500.52744623342,8266.650781355722,True,21045.443162279094,31688.960948832024,10643.517786552926,True,19698.13555111511,33036.26855999602,13338.133008880906,True,18974.95507910657,33759.44903200455,14784.493952897985,True,High Confidence,Moderate Error,16.12170500789797,Moderate Risk
Rupnagar,2022,Rabi,Wheat,3610.0,4069.991333333333,619.0894961665703,2856.575920846856,5283.406745819811,2426.830824972956,-459.9913333333329,459.99133333333293,12.742142197599248,15.211076522355501,5,2537.216028656092,5602.766638010574,3065.5506093544823,True,2096.5051356442373,6043.477531022429,3946.972395378191,True,1596.8784092187202,6543.104257447945,4946.225848229225,True,1328.6989015468762,6811.28376511979,5482.5848635729135,True,Moderate Confidence,High Error,27.953218719954748,High Risk
Shahid Bhagat Singh Nagar,2021,Kharif,Rice,4365.0,4010.4691666666654,337.8326348431221,3348.317202374147,4672.621130959186,1324.303928585039,354.53083333333325,354.5308333333346,8.122126765941228,8.423768412210846,5,3174.0448322078278,4846.893501125505,1672.8486689176782,True,2933.552103592381,5087.386229740951,2153.8341261485702,True,2660.909433232873,5360.028900100459,2699.1194668675867,True,2514.5658266158844,5506.372506717448,2991.8066801015634,True,High Confidence,Moderate Error,16.545895178152072,Moderate Risk
Shahid Bhagat Singh Nagar,2022,Rabi,Potato,27754.0,27470.33138888889,1167.576799411101,25181.880862043134,29758.78191573465,4576.901053691516,283.6686111111085,283.6686111111085,1.022081902108195,4.2503193095200835,5,24579.5815126062,30361.081265171582,5781.499752565388,True,23748.419270128183,31192.2435076496,7443.824237521413,True,22806.144239212143,32134.51853856564,9328.374299353496,True,22300.36894634417,32640.293831433617,10339.924885089453,True,Very High Confidence,Low Error,5.272401211628279,Low Risk
Shahid Bhagat Singh Nagar,2022,Rabi,Wheat,3862.0,3717.8375,599.6579715000584,2542.5078758598856,4893.1671241401145,2350.659248280229,144.1624999999999,144.1624999999999,3.7328456758156374,16.129214133217452,5,2233.1718165091643,5202.503183490836,2969.331366981672,True,1806.2936320820731,5629.381367917927,3823.087735835853,True,1322.3488209833408,6113.32617901666,4790.977358033319,True,1062.5867339762735,6373.088266023727,5310.501532047453,True,Moderate Confidence,Low Error,19.86205980903309,Moderate Risk
Tarn Taran,2022,Kharif,Rice,3978.0,4756.234444444445,273.7590323872077,4219.666740965518,5292.802147923372,1073.1354069578538,-778.2344444444452,778.2344444444452,19.563460141891532,5.755793487156083,5,4078.447005190994,5434.021883697897,1355.5748785069025,False,3883.56631608144,5628.90257280745,1745.3362567260097,True,3662.6332683912938,5849.835620497597,2187.202352106303,True,3544.0453049693324,5968.423583919558,2424.378278950225,True,High Confidence,High Error,25.319253629047616,High Risk
